UUID,Title,"First Name","Last Name","Street Address",Barangay,Municipality,Province,Country,"Phone Number","Mobile Number","Company Name","Company Website","Job Title","Favorite Color",Birthdate,"Email Address",Password
62673713-06e3-3f27-9411-f3f37b8f5684,Mr.,Einar,Kovacek,"17A/34 Runolfsdottir Lodge Suite 763","Prosacco Pines",Roxas,Colorado,Nicaragua,504-709-545,723-960-307,"Waters LLC",lebsack.com,"Septic Tank Servicer",teal,2020-10-14,marie26@gmail.com,RkQ$8Bb(0
e9ffc68f-0688-3058-8e64-c4493fdba89a,Mr.,Joel,Reinger,"65A/92 Yost Lock Apt. 249","Kihn Underpass",Calapan,Utah,"Saint Martin",434-775-100,110-639-074,"Kling Group",cruickshank.com,"Food Scientists and Technologist",silver,2012-10-06,kunde.yessenia@pollich.org,LO_yXg|G
ae81df91-fec5-3a7b-85b5-1232012ca00f,Prof.,Esther,Dibbert,"32A Murphy Village","Halvorson Path",Navotas,Maryland,Austria,043-778-506,050-196-115,Windler-Carter,mills.com,"Pest Control Worker",silver,1975-09-21,marcia52@gmail.com,8vc#MnD
6f42dff9-1d33-3905-8f73-1c41edd2a773,Dr.,Milan,Rempel,"22A/52 Windler Drives Apt. 938","Wolff Pine",Lipa,Connecticut,Iran,310-513-111,918-604-439,"Will Group",marquardt.net,"Pantograph Engraver",fuchsia,1987-12-16,atillman@hotmail.com,8/A-2S.!i+Q
b41b21e8-bc88-3b85-8b04-c15adbb61203,Prof.,Orville,Ward,"15/60 Greenholt Creek","Cassin Rest",Lamitan,Texas,"Cayman Islands",859-005-969,985-157-782,"Brakus, Kunde and Cartwright",daugherty.com,"Machine Tool Operator",maroon,1975-08-07,vicenta.gibson@larkin.info,lfh#);68
d70e846d-a131-3d29-93c2-c481c4b55ae6,Miss,Tia,Schamberger,"33/98 Gulgowski Ramp","O'Keefe Summit","Sorsogon City","New Jersey",Bhutan,996-777-960,399-222-481,Reichel-Lang,crona.com,"Algorithm Developer",gray,1988-12-23,jeffery82@bechtelar.biz,"T]Mpn_|Ih9EnD,Od#Gp"""
075c8ce7-0715-3163-ab06-7f56190c1292,Miss,Tomas,Champlin,"90A Harvey Roads","Kassulke Square",Kidapawan,Pennsylvania,Guinea,376-891-696,592-652-203,"Hickle and Sons",shields.com,"Loan Interviewer",black,2013-09-09,wgleichner@yahoo.com,DVn`([]d6
cd453792-f595-324e-8072-d06243214e8f,Mr.,Brennan,Considine,"40/26 Wunsch Courts Suite 494","Fahey Point",Tangub,Wisconsin,Australia,734-290-735,831-954-890,"Lubowitz, Rippin and Douglas",parisian.net,"Purchasing Manager",silver,2012-03-16,chaya.metz@klocko.com,wF?&)Yv+#^
79d39233-d493-397a-847d-aa28be64acf7,Dr.,Tremaine,Bechtelar,"86/66 Bergstrom Brook","McGlynn Land","Cebu City",Virginia,Anguilla,690-787-234,923-428-336,"Cummerata, Hodkiewicz and Kiehn",bayer.com,"Cafeteria Cook",black,2005-04-06,lhills@cummerata.info,!FRJH$i{hz!
b10e03e6-d383-3cb9-9544-84a6de49f0d0,Mr.,Abner,Durgan,"89 Kris Plains Apt. 388","Johns Hills",Olongapo,Virginia,"Cook Islands",748-538-255,299-542-071,"Gislason, Reynolds and Monahan",bailey.info,"Human Resources Specialist",purple,1978-02-26,deshaun.green@hotmail.com,"$)D~;uK,)dHarlR:yncu"
757be986-3f70-3d83-b5c6-dc6fe65193bb,Mr.,Jody,Muller,"03A/26 Yost Trafficway Apt. 656","Johnson Trail",Canlaon,Hawaii,Jordan,084-093-869,070-385-962,"Cremin Ltd",rutherford.org,"Soil Scientist",purple,1979-03-27,harry.abbott@gmail.com,:xoGQL!oTa}.g2
59be5ee7-1d4e-3f87-bdc7-0ba9d36f64f3,Dr.,Isaias,Wolff,"71A Hoeger Parks Suite 680","Von Trafficway",Biñan,Texas,"Cote d'Ivoire",033-826-436,882-192-800,"Braun, Considine and Langworth",pouros.info,Physicist,black,1992-06-11,murray.kurt@terry.com,NEN3Y__)JM
2e18a944-cb26-3955-8b05-3704bf131298,Dr.,Dianna,Kassulke,"07A Armstrong Loop Apt. 111","Prosacco Walks",Muñoz,"North Carolina",Guernsey,310-651-997,380-343-250,Barrows-Langworth,kuhlman.com,"Press Machine Setter, Operator",fuchsia,1981-06-01,verona16@collins.info,3lL#.P?
0fa16a55-712c-3522-bcca-805079f430c5,Dr.,Carissa,Langworth,"28 Mayert Lake Apt. 765","Moore Glen",Toledo,"South Carolina","Hong Kong",650-145-279,347-411-174,Weber-Howell,hammes.info,"Machine Tool Operator",gray,2007-06-11,oreilly.hilton@gmail.com,"6*Q,4i~Z?;9"
22c0bed4-46bf-3850-a5e6-6893bb7dd686,Ms.,Isabelle,Pacocha,"78A Schumm Path","Moen Summit",Calbayog,Louisiana,"Dominican Republic",902-769-764,758-677-193,Terry-Koepp,jerde.org,"Correctional Officer",yellow,1977-06-05,maximilian25@yahoo.com,TEfCP(G%*gd[g`j
79561ca5-1fed-32bf-ab83-c1dd145d92bb,Mrs.,Chet,Reichel,"66 Bogan Viaduct Apt. 975","Collins Rest",Ormoc,Minnesota,"Cocos (Keeling) Islands",115-709-895,467-906-072,"Goyette, Herman and Wolff",kuhic.net,"Animal Control Worker",teal,2010-10-04,clovis16@daniel.com,<Uvr#WpO9&4BW{x''e
5835c361-4f7f-3b26-ab3d-d5e7256e057b,Mr.,Daphnee,Windler,"15/52 Nader Radial Apt. 034","Cole Knoll","San Fernando",Indiana,Nauru,279-808-012,754-003-559,"Kilback, Kunde and Thompson",bernhard.com,"Office Machine Operator",lime,1997-08-31,witting.joshuah@rau.com,>Y+4[_k`Wjh{!(H
7e23daed-2b29-3375-ba82-d13405bcc4b7,Prof.,Josiah,Goldner,"36A Kuvalis Hill","Halvorson Mountain",Tandag,Minnesota,Cyprus,247-330-540,500-753-316,Krajcik-Altenwerth,lueilwitz.com,"Telephone Station Installer and Repairer",silver,1979-01-03,lockman.rogers@yahoo.com,<wCn9@})p`WL>iUF
986af6d7-f6bb-3150-8022-4f81d22bc1f5,Prof.,Jamaal,Christiansen,"25/64 Schneider Tunnel Apt. 496","Halvorson Trail",Borongan,Pennsylvania,Egypt,025-495-259,480-561-303,"Nitzsche Group",prosacco.biz,Designer,purple,2024-05-20,abshire.icie@rippin.com,A&h8Z4XA1
21cfeeee-6942-38b1-8e80-4b8592200bfe,Mr.,Lupe,Cassin,"51 Jacobson Burgs Apt. 549","Treutel Springs",Antipolo,Maine,"Solomon Islands",467-539-443,477-135-155,"Hauck, Mohr and Tremblay",erdman.com,Obstetrician,yellow,1986-10-21,randy81@littel.info,"EkUE0)1kn""O"
f076140a-a97b-3a47-b770-189d147c7d61,Dr.,Adelbert,O'Keefe,"47A Christiansen Point Apt. 972","Cruickshank Center",Tuguegarao,Nebraska,Spain,312-035-270,201-087-162,"Doyle Ltd",torphy.biz,"Reporters OR Correspondent",blue,1995-05-13,jackeline55@gmail.com,az.!^IE
87c5f605-673a-3444-91f4-b226c01a7bf6,Mrs.,Cedrick,Hermiston,"80A Bergnaum River","Baumbach Parks",Tagum,Colorado,Guinea-Bissau,863-836-880,683-785-465,McLaughlin-Cassin,schoen.com,Woodworker,blue,1997-05-19,sonny.schumm@gmail.com,m4yL7cQGHf)g6hjqVeUJ
c550958a-57f5-3bdd-9d18-ac999f71e5d3,Prof.,Jayson,Monahan,"09A Brakus Meadows Suite 073","Cruickshank Camp",Baguio,"West Virginia",Tunisia,923-405-902,535-375-791,Rath-Feeney,crist.biz,"Ship Captain",white,1979-09-01,trenton.pollich@parker.com,gw+m<M<$4u!dQscP&?7r
cd909d58-9b2b-3003-bd93-502fd6b38a53,Ms.,Melisa,Morar,"74/73 Casper Stream Apt. 098","Kreiger Way",Imus,Kentucky,Senegal,385-379-349,434-442-445,Mayer-Skiles,nader.com,"Copy Machine Operator",blue,2011-04-04,rubie79@schroeder.com,M:{d3z=m}KR=pGk`^Cv
b8ad37b4-fd1f-366d-9f1f-3086446e4262,Prof.,Maia,Fay,"76 West Field","Greenfelder Trail",Tanjay,"North Carolina",Suriname,206-171-707,753-893-268,"Hill, Klein and King",koch.info,"Industrial Safety Engineer",maroon,2021-06-08,citlalli76@boyle.com,1J>pAVGW
ab0439be-a2cb-35e2-9c4c-5fb1722f965b,Prof.,Zoila,Langosh,"92A Schuppe Trail Apt. 179","Beahan Ports",Pagadian,"New Hampshire",China,772-593-805,584-690-913,"Lesch Group",howe.com,Admin,green,1972-05-02,trisha.reynolds@huel.com,"n]{D0V9.]i\q5a"
057dc1e2-2f2c-303d-a6a8-2d68280b2b67,Dr.,Enid,Botsford,"83/66 Kreiger Course Apt. 688","Hodkiewicz Streets",Lipa,Wisconsin,Ukraine,034-639-473,371-632-428,"Raynor, Feeney and Simonis",parker.com,"Database Manager",black,1999-05-23,trevor.reynolds@hotmail.com,H&b%N7df%x4`H?G&[c@
6f312b3d-104e-322e-9a16-6927d0d55e5a,Prof.,Lucie,Crona,"73/50 Cassin Ridges","Zemlak Motorway",Borongan,Utah,Botswana,956-024-437,089-023-264,"Hyatt Ltd",larson.net,Producer,teal,1979-02-09,carroll.hayley@mann.info,f#~TsMYw!
6752c018-1274-3be8-a944-6a161c6bcc47,Miss,Uriah,Renner,"79/75 Hoeger Ridge Suite 894","Blanda Brook",Dapitan,Washington,France,770-280-601,277-930-625,"Considine LLC",oreilly.com,CFO,black,1989-05-20,jose42@mann.com,-s!5.oQ01Ep
00d11fcc-93f7-34c1-ba65-9944ebed6086,Mr.,Furman,Grady,"54A Schiller Mews Apt. 746","Schmidt Springs",Dipolog,"New York","Netherlands Antilles",526-384-433,716-309-732,"Barrows LLC",kohler.biz,"Exhibit Designer",black,2002-01-15,lmacejkovic@gerhold.com,!TXu)`_4bBpJ%!F(q]
ba32a28e-6098-3203-a3bb-c41758f83fc9,Mrs.,Anahi,Larkin,"50/34 King Village","Brakus Knoll",Tabuk,Hawaii,Colombia,540-697-684,298-949-188,Upton-Hand,klein.info,"Rail Transportation Worker",navy,2010-11-19,bashirian.marlee@yahoo.com,"94QZG\l"
014b56ea-d291-3d31-a524-b598f417b6ad,Prof.,Kade,Ankunding,"61A/69 Mayert Fort Suite 963","Wisozk Rest",Bayawan,Idaho,Malawi,744-679-133,005-124-500,"Hammes Ltd",nicolas.com,"Medical Secretary",white,1995-09-30,reilly.maynard@aufderhar.com,DGP2(97#&
fdcfeb18-7b1e-3caf-943b-012827553130,Dr.,Kitty,Murazik,"86A/43 Ondricka Island Suite 569","Dibbert Cliff",Isabela,Michigan,Guatemala,487-546-310,902-915-702,Block-Bashirian,boehm.com,"Crane and Tower Operator",navy,1979-03-12,tristin84@hotmail.com,ToHr^?
03d8c4a6-372a-314e-94ba-4db4a1ff7d2c,Dr.,Rosamond,Thompson,"92A/74 Kirlin Court","Yost Street",Digos,Hawaii,Tonga,589-181-014,928-282-826,"Kutch PLC",schumm.biz,"Soil Conservationist",yellow,2002-08-12,fwintheiser@hegmann.com,"6z\n]EIV+&HV{}GpJ^z^"
d28249fc-292b-330c-b81c-5516369a77fe,Dr.,Ava,Schimmel,"81A/04 Hagenes Manors Apt. 230","Hills Dam",Legazpi,"New Jersey",Afghanistan,005-373-465,438-392-759,Raynor-Rogahn,lemke.info,"Financial Specialist",black,1983-11-06,zack.deckow@hotmail.com,"k44#hr{\6A;gvs("
78e1b82c-ac39-3f54-9d8c-02d46cc3a4d2,Miss,Damion,McLaughlin,"09A Mayert Plain Apt. 714","Skiles Field",Ilagan,Vermont,Lesotho,789-338-036,100-020-467,Orn-Kris,dubuque.net,"Broadcast Technician",silver,2005-01-31,casandra.hirthe@west.org,"-JsIb9""or"
f7c1c108-832b-3a36-a6d1-eecfa884c3fc,Dr.,Arianna,Monahan,"71A/93 Swaniawski Village Apt. 617","Daugherty Underpass",Bislig,Kansas,Greenland,057-950-022,943-762-029,"Schuppe, Abbott and Balistreri",runolfsdottir.com,"Extruding Machine Operator",navy,2004-07-03,russ62@hotmail.com,x>y8FTQ~qL{p
e1806192-e703-3a53-a9f4-4f3b3d3f023f,Prof.,Robin,Maggio,"22A Littel Bridge Suite 433","Abshire Lock",Dapitan,Minnesota,Qatar,026-156-789,988-007-836,Becker-Howe,harris.org,"Correctional Officer",purple,2019-12-05,al03@kilback.net,"2&eGb`8""{"
5254916a-fece-371c-bc96-60305c188df6,Mrs.,Rubye,Stokes,"51A VonRueden Trafficway","Bode Circles",Santiago,"New York",Nepal,485-409-566,749-513-693,"Gottlieb, Okuneva and Hackett",ritchie.net,"Community Service Manager",navy,2024-08-13,patsy36@hotmail.com,|IiGHaM!y<T
9a3ea420-e030-3409-9e3f-ef6cee839ef1,Mr.,Kitty,Effertz,"82A Conroy Pike","Batz Valley",Iriga,Utah,"Wallis and Futuna",530-692-590,973-010-673,"Feeney, Pouros and Crooks",murazik.net,"Interaction Designer",aqua,2023-12-15,white.leta@gmail.com,"vY8^}^\<yzzV*EB"
9d7e47a6-e707-36c0-ad82-7723ae91b92c,Prof.,Marian,Kuhlman,"51A Mayer Rest Apt. 352","Turner Forge",Samal,Oklahoma,Gambia,383-241-390,292-373-455,"Gleason Ltd",powlowski.com,Interviewer,fuchsia,2000-01-29,hilton.wuckert@yahoo.com,".*h,9I]k'?lTE["
3426e59a-4764-32ce-af05-8b30b811e163,Prof.,Phoebe,Rau,"85A/90 Dare Garden","O'Reilly Cove",Escalante,"New York",Lebanon,190-203-258,092-489-142,"Ondricka Inc",marquardt.biz,"Outdoor Power Equipment Mechanic",white,2015-09-26,jboyer@hotmail.com,)|Zs[9Nfr
1d9a3a1d-2a1e-3d3a-96b7-bcb74f9523ee,Dr.,Wade,Watsica,"43/54 Tromp Crest","Treutel Plaza",Sipalay,Montana,"United Kingdom",784-470-717,208-458-894,"Reilly, Douglas and Jacobi",runolfsdottir.net,"Athletes and Sports Competitor",olive,1998-06-20,laurine44@kutch.com,",SDpVV:cCuHUv"
2782a0b8-b12b-30ea-b459-388f803a2e86,Miss,Myles,Funk,"76A Terry Garden Suite 156","Daniel Pike",Tabaco,Arizona,Guinea,440-341-818,210-593-789,"Schultz, Mayert and Altenwerth",gottlieb.info,"Night Shift",maroon,1976-02-23,nkoch@welch.net,.KHc^#!pNHVUNigc=~z
c7844cf9-70ae-3a24-923f-f51384158401,Mr.,Ola,Raynor,"47A/63 Kohler Pine","Purdy Estate",Dagupan,Ohio,Aruba,458-136-109,867-744-452,"Hoeger, Douglas and Aufderhar",mueller.com,"Well and Core Drill Operator",aqua,1984-01-14,kdickens@yahoo.com,4I$1`OFndQ'<
95192ef3-364e-3ad4-b977-37679e78a5ce,Prof.,Jonas,McClure,"62 Mertz Squares Apt. 184","Williamson Ways","General Santos",Kansas,"Saint Lucia",783-261-029,512-916-143,"Hansen, Willms and Goodwin",wehner.net,Farmer,navy,1994-08-19,nicolas.aubrey@yahoo.com,qZEcR{)idwNhbl
53e0e8bc-5821-323a-9b21-520018d025b2,Mr.,Declan,Mertz,"61A/60 O'Keefe Square Apt. 456","Lakin Mountain",Naga,Mississippi,"El Salvador",045-996-399,851-257-041,Davis-Tillman,mclaughlin.net,"Home Health Aide",purple,2022-03-28,glittel@oconner.info,.~IJ2R6k*-.
53bafb09-7730-3d98-9868-6769e43430af,Ms.,Maiya,Hane,"35A Bauch Manors","Schultz Summit",Muñoz,Alaska,"United States Minor Outlying Islands",069-572-069,293-932-894,"Brakus Group",lind.org,"Taxi Drivers and Chauffeur",yellow,1976-10-29,hwhite@yahoo.com,Vl$g5B4
cce5b3c1-fa6b-331b-b0d7-f5bcb54549c2,Prof.,Reinhold,Kirlin,"24A/99 Hackett Rest Suite 252","Tremblay Estate","Surigao City",Hawaii,Ethiopia,149-816-830,864-283-503,"Keebler and Sons",ruecker.com,"Web Developer",navy,2019-06-18,kelsi62@bayer.com,"Mkg*#g{VJ8Zm!2rZ\3"
49ff3fe4-e44c-34cd-9e38-0815b8f5a139,Mr.,Bulah,Wyman,"33/32 Cronin Harbor Suite 915","Jacobs Trail",Cadiz,Montana,China,841-698-750,425-061-539,"Wuckert, Hirthe and Murazik",ebert.com,"Political Science Teacher",white,2019-12-07,xavier.kutch@white.org,>Sy({%w>'
c832ae50-14b3-3151-8348-2394a05f9a0d,Miss,Kamille,Smith,"02A Harris Well","Ortiz Inlet",Legazpi,Illinois,"Saint Martin",871-835-257,543-728-047,"Reinger, Pollich and Renner",rolfson.com,"Graphic Designer",yellow,2009-07-28,lois60@hotmail.com,"+""XUW]*D_$a9O*ZEI"
5ff29bf3-ecc9-3cb9-bb9e-f9235f41b1a5,Mr.,Carley,Stehr,"80/45 Bins Gateway Suite 782","Ritchie Plains",Mati,Delaware,Bahrain,372-965-040,134-777-767,"Heaney LLC",vandervort.com,"Freight Inspector",navy,1998-10-05,skylar44@gmail.com,)070P!7ufI
25cbdd8e-e21f-376c-9b72-c675cce527c1,Mrs.,Madge,Stracke,"77A Bashirian Rapid Apt. 891","Pollich Skyway",Cadiz,California,Japan,463-445-286,126-986-855,"Schoen PLC",jacobi.com,Microbiologist,lime,1970-08-29,bgislason@hotmail.com,]#1wpM)
ad243f68-3592-326b-bc01-c66e588036a5,Dr.,Filiberto,Sanford,"58A Emmerich Ford Apt. 598","Gislason Hollow",Pasay,Iowa,Denmark,028-710-766,782-831-815,"Leffler PLC",welch.net,"Board Of Directors",blue,1991-12-15,hudson.baumbach@hotmail.com,SY!6LX[.
51ac6e2c-537e-3164-942a-a33053cada69,Prof.,Pietro,Ratke,"15A/68 Hamill Rapid Suite 993","Stark Plaza",Cauayan,Wisconsin,"French Guiana",531-431-895,093-192-295,Emmerich-Kihn,quigley.com,"Stationary Engineer",purple,1975-10-22,dortiz@yahoo.com,}w)Yx[M%HFs`z$Ut
40182d69-6c2a-3279-9fe6-df21eeeebf19,Dr.,Emma,Hoppe,"46 Smith Views","O'Connell Mission",Mabalacat,"South Dakota",Montenegro,867-414-918,694-632-889,"Zieme LLC",stokes.com,"Photographic Processing Machine Operator",fuchsia,1990-06-07,qeffertz@hotmail.com,"Cf<sgQD""5o*UR;~$#.&q"
e8258d42-6336-330d-84b0-aa3959edd703,Mrs.,Lenna,Collier,"68/62 Waters Field Suite 012","Fahey Harbor",Laoag,"North Carolina","Cayman Islands",901-761-933,415-781-753,"Ruecker Inc",vandervort.com,"Parking Enforcement Worker",blue,2018-09-05,chesley21@upton.org,"T#xenA[E\%*v[y:"
170efbf8-207a-3e8e-93bc-113b0bb21900,Prof.,Summer,Prohaska,"30A Kuphal Harbor Suite 769","Botsford Dale",Baybay,Colorado,Mayotte,892-914-920,634-819-630,"Hoppe, Armstrong and Harber",stanton.info,"Bulldozer Operator",gray,1990-12-11,jaunita01@gmail.com,'&S*OWql
568c295a-a320-3dc8-8770-47d79235e725,Miss,Lucious,Schumm,"39A Ondricka Inlet Suite 791","Schaefer Alley",Tanauan,Oklahoma,"Central African Republic",089-604-283,215-231-091,"Nikolaus Group",okeefe.net,"Industrial Safety Engineer",white,1979-03-20,billy.mueller@hauck.info,SW#+0MHjod
5ddc1f75-828b-3acf-8271-acc2658cbe8f,Mrs.,Ignacio,Schneider,"77/20 Ziemann Ferry Suite 918","Schaefer Parkway",Tanauan,"New Jersey",Spain,564-312-246,131-968-273,"Runolfsson, O'Keefe and Bechtelar",bartoletti.net,"Agricultural Crop Farm Manager",olive,2009-09-04,beatrice44@johnston.org,NvZgU2?m
7fa864c4-5d78-3098-a659-85cc28b53aa0,Prof.,Ariel,Raynor,"53/34 Collins Meadow","Douglas Islands",Marawi,Massachusetts,Indonesia,819-743-080,976-947-308,Christiansen-Halvorson,schoen.com,"Materials Inspector",maroon,1990-10-08,jeramie.pollich@lakin.com,Iy_wBFYk8uGg}o2nS
9a9c4706-0fed-3cdb-b4de-23fde88c9584,Ms.,Joy,Johnson,"84A/46 Gleason Meadow Suite 462","Terry Lodge",Passi,Alabama,Lithuania,245-369-921,761-545-156,Tillman-Wiegand,torp.biz,"Social Worker",fuchsia,2000-01-19,spencer.helena@lowe.com,4g_C}+HIPmj-hR@l1#
9ed8e328-de48-3b21-b7da-9fe5d25d16d6,Dr.,Shanon,Sipes,"59A Littel Lights Suite 707","Beahan Mountain",Sipalay,"North Carolina","Cape Verde",145-174-212,256-128-168,"Pfeffer PLC",feil.com,"Emergency Management Specialist",silver,1995-02-21,mitchell.jan@beier.com,gE]6CS:tS9P!'n''p
25f7fb47-12a8-36e1-ba43-de6b4929ed1a,Dr.,Adam,Windler,"18/15 Brakus Road","Rodriguez Camp","Batangas City",Wyoming,Ireland,055-568-947,040-616-208,"Zemlak, Feest and Goldner",sauer.info,"Electrical Engineer",aqua,2017-08-01,vwalter@rolfson.org,oCSA|ov@S<NgM
dbbc0c79-e2b8-36d1-97ee-5d2ef7e0ae98,Prof.,Rhoda,Rosenbaum,"70 Tromp Mount","Kunze Hills",Dasmariñas,Arizona,"Marshall Islands",507-262-263,154-054-282,"King LLC",strosin.info,"Night Security Guard",white,1996-06-01,russel.bechtelar@hotmail.com,dNLiSMGTV]q+Kd
5da813dc-53ab-3e57-aa2a-c4a5f38b5003,Mrs.,Simeon,Koss,"94A/19 Rogahn Islands","Donnelly Estates",Makati,"District of Columbia",Zimbabwe,515-609-736,078-428-294,"Kihn Ltd",grady.com,Pipelayer,black,1996-03-25,koch.lucile@hotmail.com,O/&2hSDz4D`^[G_g6B
667d4202-6dff-3fd5-8a24-2b583ba1674b,Mr.,Marjorie,Dibbert,"84 Medhurst Centers Suite 136","Hane Point",Bislig,Alabama,"Western Sahara",839-316-924,944-578-043,"Satterfield, VonRueden and Doyle",streich.com,"Mathematical Science Teacher",olive,2005-11-24,jabari.bode@gmail.com,@RpLQ<Ym
34a6a1be-cbb6-3be0-9a6b-a0f9bb3570a2,Mr.,Marjolaine,Stark,"30A Howell Station","Kuvalis Meadow",Manila,Arizona,"South Georgia and the South Sandwich Islands",632-835-292,868-850-713,Keeling-Gibson,sipes.com,"Natural Sciences Manager",olive,2016-03-03,jerrell.nicolas@yahoo.com,EZ&q?k'PV
77627439-e780-3a67-ac91-92d9ea7484aa,Mrs.,Pete,Emard,"58A/21 Kunze Ways","Kihn Branch",Samal,Alabama,Greece,933-016-309,818-511-571,Bayer-Emard,franecki.info,"Forestry Conservation Science Teacher",gray,1982-06-01,wweimann@yahoo.com,_F@{ALi
b4d4a2a7-bd1e-3e0c-85f4-91e424d3e120,Ms.,Mae,Zulauf,"40A Labadie Road","Bogisich Center","San Jose del Monte","South Dakota",Nigeria,628-094-262,065-458-367,"Bernier PLC",roob.com,"Product Management Leader",purple,1987-08-08,yost.ralph@yahoo.com,HHoTT9
99f13972-9494-3a46-89cd-2597abd33677,Dr.,Irving,Grant,"90A O'Hara Flats Suite 416","Konopelski Burgs",Kabankalan,"North Dakota",Guam,823-647-246,218-089-115,Schinner-Metz,hamill.com,"Fast Food Cook",white,2003-12-16,homenick.desiree@gmail.com,"w.Uh+\}PQo,i#x|.4ivP"
76ec9666-af5b-39e4-994a-0ebc1bde8c33,Mr.,Aisha,Ankunding,"10 Cronin Gateway Suite 266","Murazik Cove",Tabaco,Kansas,Argentina,798-381-878,526-743-431,"Boyer Group",hayes.org,"Transit Police OR Railroad Police",navy,2021-08-03,cathryn12@yahoo.com,?MlK:=B#3
23718caf-7c07-343c-8578-59632ebecc42,Prof.,Mazie,Swaniawski,"14 Waelchi Trafficway Apt. 064","Stark Springs","San Fernando",Alaska,"French Southern Territories",196-302-967,006-728-126,Mraz-Feeney,gleichner.net,"Floor Finisher",teal,1990-02-14,hkiehn@hammes.com,lfUFsphA
173b0ebc-aca7-3701-af82-c5db69c0e552,Ms.,Osbaldo,Heller,"62A/46 Graham Overpass Suite 362","Grant Summit",Muñoz,"New Mexico",Egypt,298-257-235,152-102-495,"Lebsack, Wiza and King",russel.com,"Lay-Out Worker",navy,1978-10-15,kemmer.zachary@homenick.com,Hi207`9?mP'
251b5013-3c28-3108-bd2f-a1523f5bf207,Mrs.,Enola,Cartwright,"17A Ullrich Lakes Apt. 473","Cartwright Vista","General Santos",Georgia,Botswana,992-587-027,373-675-184,"Bode PLC",klein.com,"Radar Technician",lime,2024-05-19,ephraim.zboncak@predovic.com,IWt{BGa?%XJ
a72acb1b-9127-3c92-a3f6-03ea78b9211d,Prof.,Israel,Ratke,"14A/57 Lindgren Shores","Harris Centers","Cagayan de Oro",Pennsylvania,Dominica,420-052-562,161-186-101,"Abshire PLC",deckow.com,"Petroleum Pump System Operator",navy,2013-05-07,imann@steuber.info,]V=U*|(zO
ea71ae05-a87a-35eb-a670-3daafb97a7a1,Dr.,Kenyon,Robel,"74 Schmitt Light","Hudson Field",Ilagan,Washington,Uzbekistan,795-984-625,534-008-751,Crist-Barrows,bechtelar.com,"Bartender Helper",blue,1970-07-17,bfeest@yahoo.com,?bZLCFjMUE2U
ca5f6f62-7e70-392a-af03-f54d4b3bca74,Prof.,Shayna,Koelpin,"10A Terry Haven","Bashirian Fields",Palayan,"New Mexico",Cuba,748-969-676,889-395-729,"Abernathy, Ratke and Roob",vandervort.org,"Graduate Teaching Assistant",lime,1977-06-24,katelyn.haag@barrows.com,4rop6M5qH
3adbf385-a7f3-36fc-bc45-f6dcdca6bb40,Prof.,Leola,Cremin,"25A Gottlieb Coves","Mitchell Views",Tandag,Georgia,"Hong Kong",186-453-819,545-177-654,"Lockman Inc",doyle.info,"Communications Teacher",aqua,1975-09-22,llarkin@torphy.com,"v|w)~@kN_Q/@>\;#]uc"
321d9337-e7df-37f4-a22b-60148ea3b0b5,Mr.,Carlie,Schaefer,"45A Hansen Trace Suite 737","Satterfield Groves",Tacloban,Nevada,Belize,182-393-450,337-017-267,"Wuckert LLC",aufderhar.com,Manicurists,lime,2024-07-31,jimmie.johnson@gmail.com,"z;=~cL#,r.YeTY>?rp"
00b9ae3e-f717-379a-85d3-91bce24404a2,Mr.,Micah,Gulgowski,"85A Heller Island","King Gardens",Antipolo,"New Mexico",Cyprus,903-608-052,360-138-290,Mills-Lehner,purdy.com,"Food Scientists and Technologist",white,2013-10-06,labbott@yahoo.com,c~4gKQdz[zI8c
4faa411f-695d-3def-af6d-bee1834a0790,Mr.,Stuart,Ferry,"81A Kozey Freeway Apt. 334","Renner Locks","San Pablo",Illinois,Guyana,751-550-033,076-239-463,"Parker Inc",bernier.com,"Forming Machine Operator",purple,1980-07-29,pascale.morissette@yahoo.com,"F3U2,gBS[nACu,=`}bvE"
9b989673-2edb-3dcf-9af2-11ca927477c2,Dr.,Emil,Pfannerstill,"12/97 D'Amore Plains Apt. 368","Gleichner Station",Iriga,Illinois,Liberia,865-292-196,786-958-884,"Keebler, Pfeffer and Adams",tremblay.com,Waiter,maroon,1986-04-21,samir.barton@yahoo.com,y*VJ-g!HQ#
bbb072f6-b797-3382-b1fb-247fb215eb4a,Miss,Eryn,Feest,"27A Kris Islands","Borer Creek","Cebu City",Oklahoma,"United Arab Emirates",201-898-567,910-653-747,"Hickle Ltd",shanahan.biz,"Sheet Metal Worker",gray,2023-03-19,mario.ruecker@hotmail.com,PRn]9'
83b77d6a-d422-3046-83d7-fae2b085c349,Mr.,Daisha,Orn,"58 Romaguera Extensions","Swift Springs",Catbalogan,Mississippi,Liechtenstein,677-951-559,544-571-347,D'Amore-Klocko,kuvalis.com,"Museum Conservator",navy,1987-07-26,wryan@kohler.com,Q0Fn1|>%X_1/@zdn>of
a315d663-3b0b-39d7-93f0-119c47fb1258,Prof.,Melvina,Ledner,"17 Bins Well Suite 969","Zemlak Cape","Cagayan de Oro",Nevada,Haiti,885-451-495,758-165-339,Goldner-Hill,oconnell.com,"Funeral Attendant",green,2018-02-14,chloe.braun@hotmail.com,`Ya:^!>hN?K
d916b15d-93f1-34b6-a0ad-755cc0470f94,Dr.,Antonina,Frami,"32A/79 Murray Field","Franecki Extensions",Tacurong,"North Carolina",Mali,982-740-944,985-545-865,"Hintz Ltd",streich.org,"Marine Engineer",yellow,2021-03-05,breitenberg.justyn@yahoo.com,juN{LR;kto3~K
9cc39f6d-3887-31b9-92ed-6031c040d513,Dr.,Soledad,Friesen,"14A/06 Kohler Fields","Schuster Spring",Valencia,Illinois,Albania,682-029-934,843-908-075,Rolfson-Roob,brown.com,"First-Line Supervisor-Manager of Landscaping, Lawn Service, and Groundskeeping Worker",yellow,1980-05-04,elmore.bernhard@yahoo.com,;>'Kk37L:#E18uVo037N
e916760f-0c4a-360f-93a4-8a148d876822,Prof.,Alphonso,Strosin,"77A Franecki Skyway Suite 097","Altenwerth Cliff","Davao City",Arkansas,"American Samoa",970-323-003,937-171-495,Stark-Botsford,stroman.com,"Electro-Mechanical Technician",yellow,1970-12-13,herman.gonzalo@yahoo.com,=]{4HTm_K
22d2a0cf-5d98-3517-8224-b2545ac52a9f,Mr.,Maya,Daugherty,"16/61 Smitham Lights Apt. 196","Paucek Street",Taguig,Connecticut,Zimbabwe,846-359-130,089-186-181,Fahey-Torp,goodwin.com,"Director Of Marketing",yellow,1976-03-10,jalon.carter@yahoo.com,Em3t4zGII
5580b1bf-bbeb-3aad-859a-15ffee3bd983,Dr.,Jeanette,Powlowski,"39A Runte Pines","Kassulke Mountain",Makati,Minnesota,Afghanistan,993-791-429,813-737-815,"Hintz Ltd",swaniawski.biz,"Correspondence Clerk",maroon,2023-07-17,hintz.raegan@yahoo.com,:sU|=B@iGC!?;OP|}aC3
cb9621ec-cc89-393b-a2c4-79eed9d044a3,Prof.,Simone,Wyman,"50A/32 Hermiston Unions","Dooley Causeway",Meycauayan,Mississippi,Macao,251-046-010,176-849-731,"Hegmann, Rogahn and Reynolds",brown.com,"Entertainment Attendant",gray,2016-02-18,jarvis44@mertz.org,TqX9Lp{91$lyV
3c1e65ba-a9b8-3125-af0c-02a474074f69,Mr.,Devan,Bogisich,"37/93 Kuhlman Groves Suite 215","Hayes Causeway","San Fernando",Texas,China,608-604-234,738-509-581,Witting-Romaguera,toy.com,Economist,teal,1986-12-21,qyundt@gmail.com,"dG!E'xlKUi""t&Uq"
01852bf8-2bb6-3da6-81a2-0d3b8ed89014,Miss,Asha,Green,"42A O'Kon Throughway","Rempel Orchard",Makati,Alabama,Zambia,653-717-402,989-128-342,"Cole, Botsford and Lemke",monahan.com,Secretary,teal,1975-01-28,bechtelar.florence@trantow.info,b&XQ}0Og112aLU?l
138d095a-f7c8-37cd-a733-363153c5d9f3,Mrs.,Noemy,Heidenreich,"16/21 Carter Groves Suite 018","Torphy Vista",Pagadian,"South Dakota",Nigeria,789-563-068,020-626-208,"Streich Group",oreilly.com,Solderer,black,1979-12-25,connelly.monique@hotmail.com,T')ASYkM8jHT/
81996280-6ce1-34d5-a089-e7f5ce762fcf,Dr.,June,Parisian,"31A/50 Gerlach Ramp Apt. 530","Okuneva Plaza",Valenzuela,Georgia,Indonesia,048-595-157,843-453-177,"Tromp PLC",altenwerth.com,"Administrative Support Supervisors",maroon,1978-07-06,bstehr@hotmail.com,A^2-c`rlVl
bd9731d5-4d9b-3441-a04c-90156bf27d71,Ms.,Jeanie,Shields,"97A Jaskolski Forks","Lehner Falls",Bogo,"West Virginia",Sweden,430-613-674,427-307-975,"Labadie PLC",schumm.com,"Computer Repairer",navy,1989-06-01,zulauf.maye@hotmail.com,")l|5MM<x)""Bo"
97312106-9a08-3f13-a7f0-e8e4ddee8088,Prof.,Marianne,Cassin,"33A/68 Steuber Port","Huel Streets","La Carlota","District of Columbia",Taiwan,906-114-503,970-698-152,Gutkowski-Lubowitz,schmidt.com,Spotters,purple,2020-03-21,mcdermott.meagan@hotmail.com,"ZCbE6^Is6\ky5q9g*w/d"
6197e8b7-15ed-30ff-ad19-87acab4607e8,Mrs.,Hassan,Rohan,"43/53 Legros Way Suite 500","Monahan Green",Parañaque,Massachusetts,"Costa Rica",282-866-433,778-954-679,"Marks and Sons",corkery.com,"Septic Tank Servicer",yellow,1972-09-13,aric62@yahoo.com,yDCykU`Ds+lbf185J'
0ada1a1e-09fe-3e3f-b42c-081debaf19b5,Prof.,Shanie,Daniel,"73A/53 McKenzie Glen Suite 885","Schiller Station",Cabanatuan,Washington,"Western Sahara",510-158-024,375-288-461,"Hermiston, Gaylord and Monahan",paucek.org,"Clinical School Psychologist",navy,2015-05-29,samanta.kassulke@williamson.com,o+fKN=SqD}n~I0y
739291f3-d4d9-3c14-8a1a-88ee9d1e0b56,Prof.,Reuben,Dicki,"96 Gusikowski River Suite 874","Nienow Light","Cotabato City",Iowa,Croatia,450-558-811,136-271-879,"Will, Simonis and Brekke",hoppe.com,"Electrical and Electronic Inspector and Tester",green,2020-10-17,antonietta.bashirian@lehner.com,",C76G;$pR2}&""1Y"
02dcacd2-3c70-306a-a847-1253771df01f,Dr.,Mitchel,Runolfsson,"52 Swift Spring","Hackett Expressway",Marikina,"New Jersey",Mauritius,065-788-773,441-555-524,Schulist-Bartell,beier.com,"Textile Cutting Machine Operator",teal,2021-01-21,lbashirian@thiel.com,O-~-2mmvSw
8b1c0578-bb53-3cfc-9ef8-9146faef204c,Dr.,Citlalli,Conn,"29A Orn Road Suite 830","Little Circle","San Jose",Kentucky,Tokelau,159-384-296,524-218-411,"Lesch and Sons",berge.com,"Nursery Manager",olive,2004-07-02,wendy.herman@champlin.net,i?Na3Q:e4!1Q9/b;uUc
347d42e4-b273-3f3e-a302-19769ee65048,Prof.,Riley,Wehner,"41A/87 Lind Mill Apt. 256","Marquardt Mews","Davao City",Iowa,"Cape Verde",475-181-623,928-054-491,Auer-Doyle,graham.com,"Logging Equipment Operator",gray,1971-11-26,nicolas.danial@gmail.com,nOED7c{dSz5ImBGJ^9v
26ad6a20-8bf1-331e-83ad-06e553881e7b,Prof.,Dianna,Kub,"42A Schimmel Street","Spinka Shoal",Candon,Georgia,France,542-146-761,272-264-677,"Hackett, Feeney and Roob",ankunding.com,"HVAC Mechanic",silver,1984-03-05,vonrueden.ayla@hotmail.com,x?y@uMVUutl3wNB
753d917b-b8bc-3f76-a0e7-7aa3e3257050,Dr.,Ayden,Jones,"63 Gorczany Club","Torphy Port",Dapitan,Ohio,Kazakhstan,921-292-604,911-588-549,Jacobi-O'Conner,hoppe.com,Geoscientists,green,1991-09-08,rlesch@yahoo.com,ek9&L2>L|5T]fH
0cbbb718-d665-361e-94ed-e974aa49615d,Mr.,Enrico,Cremin,"55 Gulgowski Groves","Turner Mountain",Valencia,Vermont,Congo,950-321-692,371-180-077,"Huel, Leannon and Turcotte",christiansen.com,"Outdoor Power Equipment Mechanic",olive,1987-07-20,mittie.hermiston@hotmail.com,*5sPmw4:2_tt5
fcf9a2b5-2672-33e8-b6a3-c9f0efe1037d,Dr.,Wade,Bradtke,"18A/43 Lebsack Manors Suite 534","Haley Drives",Ilagan,Massachusetts,Djibouti,144-624-340,866-532-426,"Trantow PLC",bogisich.com,"Anthropology Teacher",silver,1981-08-08,champlin.milford@hodkiewicz.com,SrBG@QmBWa
5d67c84a-7b9a-3aa9-a8a8-e6f452eacd3e,Mrs.,Janiya,Rau,"31A Jaskolski Spring","Reynolds Burgs","Iloilo City",Washington,"Antarctica (the territory South of 60 deg S)",836-583-471,712-648-690,"Schulist Group",kemmer.net,"Nuclear Power Reactor Operator",black,1993-11-18,lonie96@zemlak.info,o5E<)%07
c4a60b74-77d4-3d2b-9fcf-6ea3374afa8d,Mr.,Olen,Lehner,"68A Ruecker Drives","Hickle Inlet",Navotas,Colorado,Singapore,535-374-584,471-437-596,"Little, Bayer and Prosacco",volkman.com,"Textile Worker",maroon,1985-09-25,kessler.marina@schinner.com,")^`bM""h.(oge[V0"
8ed1a262-f4b8-3bba-9dbf-c116fc41c5ba,Ms.,Marcos,Eichmann,"82/55 Rippin Parkways Apt. 760","Osinski Village",Dasmariñas,Oklahoma,Portugal,705-167-185,277-774-340,"Buckridge Ltd",wunsch.com,"Marine Cargo Inspector",olive,1989-10-05,fwitting@yahoo.com,2OI^|&d?
018363b0-4fd7-3afe-a700-366eb9fe89ee,Mr.,Odell,Beer,"19A/54 Erdman Pines Apt. 375","Bahringer Streets",Cabanatuan,Illinois,Uzbekistan,835-080-195,459-521-343,Thompson-Runte,daniel.com,Lifeguard,green,2004-02-13,psanford@moen.com,"Y]o?Re[=.DoM/p{8o"""
4e8fa4c5-9825-39f7-adb4-e8c8cb05c73c,Prof.,Joe,Paucek,"72/23 Dickinson Divide Apt. 204","Koss Stravenue",Mati,Massachusetts,"Libyan Arab Jamahiriya",355-363-177,564-251-965,"Waelchi Ltd",ullrich.com,Painter,aqua,1982-10-21,bernhard.lawson@yahoo.com,n(E*c#XLd
a97da8c8-fdca-3817-a0da-3870fd2b8d33,Miss,Diana,Corwin,"16 Stokes Valley","Rolfson Lodge","Tarlac City",Florida,"Cape Verde",327-354-375,650-002-488,"Harris and Sons",berge.com,"Cooling and Freezing Equipment Operator",navy,1970-07-14,bblick@farrell.org,|%QK}rn~
a038bc8c-aa04-3631-9e43-f4d74d467d00,Ms.,Darlene,Cole,"19 Schulist Lodge","Weissnat Crossing",Ozamiz,Tennessee,Israel,949-384-082,902-055-422,"Runolfsson Group",jacobs.com,Home,white,1981-11-20,margarette.rutherford@nikolaus.com,"sj^Lm,?Ni"
0882eb01-406b-33d6-957e-bb085fde0a32,Miss,Consuelo,O'Hara,"94 Lubowitz Drive","Dach Rapid",Tabuk,"New Jersey",Kuwait,571-605-027,167-740-530,Conn-Zemlak,barton.com,"Aircraft Body Repairer",gray,2011-06-28,hgrady@hotmail.com,B_^O+hQk%y86t
6c232e46-e16b-3dfe-8de9-02c6a4439abe,Ms.,Chaz,Ledner,"66/79 Rutherford Rest","Schimmel Fork",Panabo,Tennessee,Malta,684-640-595,071-200-077,"Nicolas Group",legros.com,"Aerospace Engineer",teal,2005-07-13,nikolaus.gwendolyn@zboncak.com,(Vf1D_AQepJ>qn35.:
6869a890-363b-3f55-a8cc-e5280d7c0349,Dr.,Rowland,Klocko,"87A/68 Blanda Plains Suite 330","Shields Terrace",Danao,Indiana,"Trinidad and Tobago",862-786-171,222-880-810,"Bogisich, Dooley and Brakus",howell.com,"Petroleum Pump System Operator",teal,2016-10-15,arturo.mraz@koch.biz,$cx|LZ2=9
c6753f47-b321-3dab-b594-6b573387ea37,Ms.,Deshawn,Mayert,"54A Hill Spring Suite 519","Mueller Court",Gingoog,Iowa,Lebanon,975-949-043,344-600-767,Ziemann-Jaskolski,gleason.com,"Welder and Cutter",yellow,2005-12-21,vwolff@bayer.com,"Hp@\=eK.Si^X5(7Kfk$I"
f0b8f509-aeb5-3b98-8d32-d7db6030b3e1,Mr.,Annabelle,Morissette,"25 Schaden Canyon","Dickens Squares",Malaybalay,Alabama,Jersey,197-867-164,081-352-693,Little-Morissette,pacocha.com,Archivist,gray,2005-06-21,sipes.madisen@considine.com,".PJr&]aKAe1""_/2+mx<V"
84f585b4-f004-3b3a-b7b1-32df439b9264,Mr.,Amber,Jacobs,"66 Gorczany Greens Apt. 775","Bode Knolls",Calamba,"West Virginia",Kuwait,667-941-819,219-216-733,Barrows-Kris,cronin.com,"Oil Service Unit Operator",green,1986-10-29,river47@hotmail.com,%.hOcd?oqg&N#h
1e48f0df-374e-303e-aa0d-85ac3dd94b4d,Prof.,Peter,Torphy,"51A/25 Roberts Walk","Schimmel Village","Puerto Princesa","New Hampshire","Saudi Arabia",851-624-300,877-229-240,Tromp-Goldner,jenkins.com,"Printing Press Machine Operator",fuchsia,2004-10-01,mkessler@walter.net,*T%`/<f!9_0Ii]DiL^
63f950cf-bebb-31fd-9fc7-0bbc95305293,Mr.,Carmine,Konopelski,"70 Torp Lake","Harris Pass","Cotabato City",Wyoming,Barbados,459-730-820,598-938-577,"Buckridge, Wyman and Goyette",swaniawski.info,"Musician OR Singer",lime,1972-07-27,qframi@kiehn.com,lG?J8_*0R
8e3f4394-177e-32d0-88cd-5da784016501,Ms.,Gino,Champlin,"25 Satterfield Mall Suite 301","Fahey Land","San Pedro",Delaware,Zambia,063-758-035,862-359-573,"Hudson Group",klein.com,"Fire-Prevention Engineer",teal,1984-10-22,violette68@hammes.com,"#`U0u,5TT!"
2f704d4c-1653-35d9-ada8-f56efcd47d11,Ms.,Cielo,Halvorson,"38A/02 Hirthe Drives","Yundt Gardens",Cadiz,Colorado,Kiribati,535-985-772,019-168-243,"Brekke LLC",stokes.com,Biochemist,maroon,1998-09-12,schaefer.wayne@hotmail.com,"}P!""a#t/Qc/g&@,`"
b901d41e-2702-33a0-ba31-13e146d31705,Dr.,Ruth,Casper,"89A Quigley Well Suite 275","Mann Ridges",Baybay,Indiana,Kazakhstan,143-848-803,994-552-994,"Spencer LLC",schamberger.com,"Carpenter Assembler and Repairer",maroon,1987-01-21,lolita.huels@yahoo.com,>ybHH%d*
30e50fb0-2bca-3227-b6b8-aa64fff090b9,Ms.,Otis,Swift,"53 Schroeder Rapid Apt. 693","Blick Cliffs","San Pablo","West Virginia","Saint Lucia",442-249-116,491-478-105,"Wisozk, Romaguera and Kohler",larkin.biz,"Education Teacher",silver,1975-11-26,armstrong.della@gmail.com,J*IQ.#_z?j^NI?X)HL
2a46f090-6f00-3e27-9a5f-1ffa0f4c83d9,Prof.,Elton,Smith,"54/82 D'Amore Viaduct Suite 343","Aufderhar Curve",Calbayog,Wisconsin,Vietnam,088-158-504,749-023-736,"Conn, Quigley and Kertzmann",kiehn.com,"Railroad Conductors",white,1976-01-30,rdavis@hotmail.com,"A|F,{)!lE}byJ$T>VPc"
a8022f3c-ffbe-3c1a-b27a-7d9c09afc2b5,Dr.,Lafayette,Adams,"34 Shanahan Villages Apt. 977","Watsica Summit",Bogo,Pennsylvania,"Heard Island and McDonald Islands",415-466-911,262-242-510,"Boyer PLC",crooks.com,"Title Examiner",yellow,1994-01-04,tremayne72@gmail.com,_<+dD2NF%P*ltB<}
80a03ac4-a406-311c-9e6a-3b1937def5a9,Prof.,Uriel,Eichmann,"36/24 Cartwright Spurs Suite 707","Bogisich Trail",Tuguegarao,Virginia,Bhutan,171-395-531,982-255-009,Koepp-Gusikowski,wolff.com,"Photographic Processing Machine Operator",maroon,1985-03-26,lera69@wisozk.com,^grBRiaAz)/l##c
fa47be49-bf7b-301f-8951-d83591b67f9a,Prof.,Pansy,Pacocha,"13A/14 Schultz Key Apt. 796","Cole Throughway",Pasay,"New Mexico",Gibraltar,066-657-160,934-349-375,"Torp, Lemke and Reichel",torp.info,"Automotive Mechanic",silver,2006-04-27,jdaugherty@rath.com,">m'`qb,p?^3{w"
194b738a-8d81-3d39-8f22-ffc97151f596,Prof.,Janice,Hill,"24A/13 Krajcik Ferry Apt. 914","Klein Point",Tanauan,Nebraska,Bahamas,908-445-859,841-838-996,"Borer, Ruecker and Koelpin",stiedemann.info,"Eligibility Interviewer",navy,2011-02-23,steuber.alicia@gmail.com,h8OB-GvE>
bbcdbd06-f5c8-3f1c-b092-e8c7e2f36bde,Dr.,Junior,Trantow,"64A Ziemann Fork Suite 317","Kovacek Loaf",Marikina,Massachusetts,Denmark,876-358-126,164-315-103,Stoltenberg-Cassin,emmerich.biz,"Welder and Cutter",purple,2004-10-27,emile77@gmail.com,|aX9UES'
a93de112-3927-3cde-a7f1-ceaed3d42dff,Prof.,Eunice,Glover,"10A/02 Moen View Suite 101","Leffler Shores",Sagay,"North Dakota",Monaco,639-364-131,191-039-368,Simonis-Hilpert,romaguera.com,"General Manager",olive,2017-07-04,jairo.pagac@johnson.com,u*0:l*0
54cdf150-f3e7-3f0f-892a-17d1ac701986,Miss,Gene,Swaniawski,"94 Hane Dam Apt. 716","Bruen Overpass","San Carlos",Massachusetts,Gabon,359-122-842,717-220-202,"Cremin, Grady and Wyman",wolff.net,"Short Order Cook",navy,2002-09-03,bailey.justina@wuckert.com,LR^;t)<+:tqm
44edf089-f1ac-3869-a74d-862897b1c88a,Prof.,Lorenzo,Koss,"85 Jones Ports Suite 125","Considine Point",Sagay,Florida,Tunisia,092-124-045,134-795-130,Johnston-Orn,yost.com,"Bicycle Repairer",green,1979-04-02,alek.maggio@bauch.com,ELDYx'OCL+zi/sF?3dT@
c9545654-da2f-3b86-8ca7-c7af0d778c3f,Dr.,Verner,Welch,"98 Torp Roads Suite 971","Jones Turnpike",Roxas,Louisiana,Uruguay,126-043-439,583-522-513,Kuphal-Jones,reilly.com,"Bulldozer Operator",silver,1972-01-11,howe.cole@yahoo.com,$[2!MU)cS5:y
c3858474-a5a5-3f4f-81b9-07e4282aa9f5,Ms.,Alexandro,Purdy,"78 Maggio Fields","Kling Plains",Marikina,"West Virginia","New Zealand",245-429-886,952-445-642,Conroy-Oberbrunner,baumbach.com,Judge,teal,1993-10-27,dwill@yahoo.com,){LM<RW
f1c60c75-b061-38fc-9a57-efff04b2bfa7,Mr.,Nelda,Fisher,"00A Beer Tunnel Suite 206","Champlin Haven",Marawi,Delaware,Turkmenistan,035-444-021,486-514-928,"Marquardt, Armstrong and Jast",thompson.info,"Agricultural Science Technician",aqua,2017-08-08,durgan.annabelle@yahoo.com,"]9`m<1XW.kQwbI""c+"
777e93cf-af8b-3ab0-a4a8-8c9d82bf51ae,Prof.,Rylan,Rath,"58/17 Spencer Junction Suite 839","Jenkins Road",Pasay,Pennsylvania,Guyana,930-922-375,718-307-114,"Christiansen, Auer and Romaguera",prosacco.org,"Production Planning",maroon,1979-06-27,jdeckow@hotmail.com,C%rvGU6/Ixy
9caa106e-7883-30a7-9676-4a3ebeec51e7,Ms.,Noemi,Jacobi,"70/16 Schowalter Unions","Kunze Pines",Bacoor,Wisconsin,"Bosnia and Herzegovina",575-482-109,328-301-627,Hane-Thiel,okuneva.com,"Engineering Manager",yellow,1979-12-25,rowland16@gmail.com,-P5?s)/Z0I)u'bV
8588691f-97f7-34f6-9aa9-355f58831141,Ms.,Ibrahim,Kohler,"37A Smith Ford Apt. 050","Schmidt Harbor",Naga,Oklahoma,Fiji,380-495-431,423-040-137,"Steuber PLC",windler.com,"Marine Engineer",white,2020-01-09,jordon40@bernhard.biz,(H2[JmL$RF
1595e1c6-73b6-39de-a807-80b201cc8fdb,Dr.,Fred,Kuhic,"28A Glover Burgs","Kohler Summit","San Juan",Nevada,"El Salvador",954-143-941,836-502-480,"Krajcik Inc",casper.net,"Criminal Investigator",black,1991-09-03,funk.mustafa@yahoo.com,sZ;g`+kdSu7w9k
7f5edc64-e0a8-366b-8a9b-4dbef37b62c0,Dr.,Rupert,Yost,"11 Daniel Court","Kerluke Cove",Tanauan,"Rhode Island",Cameroon,139-327-374,028-653-492,O'Conner-Fisher,okuneva.biz,"Logging Equipment Operator",yellow,1998-07-16,weissnat.ottis@hotmail.com,bNG}x50[I:PInkbW
948dd0ad-6d94-382d-b9d9-dd49ec4ea431,Mrs.,Marilyne,Trantow,"67/82 Torphy Ramp Suite 822","Armstrong Plaza",Maasin,Kentucky,"Saint Barthelemy",919-404-567,976-286-440,"Johns Inc",nader.biz,"Visual Designer",navy,2003-02-05,herzog.davion@hotmail.com,D=kp5rd%H1nJcG=6
a2f33a21-2e6b-3fdd-bb97-f088e79259a9,Mr.,Enola,McGlynn,"51 Bashirian Spring","Frami Lane",Laoag,Indiana,France,971-191-875,553-161-343,Abernathy-Buckridge,roob.com,"Gas Pumping Station Operator",white,2017-12-21,lina.osinski@yahoo.com,~k(>cVl9;
a052862a-5ab1-316e-a013-26d8669c1f2f,Prof.,Darwin,Gerlach,"59A/93 Christiansen Path","Lubowitz Stravenue",Silay,Maine,"United States Minor Outlying Islands",389-154-495,522-040-631,Flatley-Mraz,denesik.com,"Exhibit Designer",purple,2013-06-08,hterry@gmail.com,"X0fQ\g'"
2b83e635-36c7-3a4f-b112-9785a55ddad6,Mrs.,Ramon,Schuppe,"86/55 Ledner Groves","Deckow Pines",Guihulngan,Wisconsin,"Sri Lanka",445-660-440,252-275-040,Auer-Murray,zemlak.com,"Precision Mold and Pattern Caster",purple,2000-02-24,qbradtke@nolan.com,(pDJj8^JF/Veq&2<n*Rp
24377919-fab5-3308-8b99-fd3481877600,Prof.,Macy,Ernser,"68/33 Hane Pines","Langosh Course","Cavite City",Maryland,Haiti,214-250-212,629-728-273,Bartell-Goyette,hermann.org,Chef,fuchsia,1995-05-25,emie68@bogan.com,Ic?<(2JI
f90eecdb-c399-31b5-9629-a528f83fc0fb,Dr.,Jared,Blick,"91A Runte Park","Pfannerstill Lodge",Malabon,Pennsylvania,Argentina,458-987-444,125-249-726,"Jast, O'Hara and Altenwerth",sauer.net,"Railroad Switch Operator",purple,2018-02-23,qframi@hotmail.com,&H>`}U
99d02fbc-514d-3b45-9135-7909db0f285b,Dr.,Thea,Ratke,"28A/25 Casper Walk Apt. 171","Swift River",Marawi,Utah,"United States Minor Outlying Islands",685-611-388,596-926-241,Williamson-Haley,fahey.biz,Gauger,silver,1996-05-08,emmanuelle02@yahoo.com,#h/=X~u2S_$1)|'TgS
4afe7769-77ee-3f91-9c90-0ecb12e1e9ac,Mr.,Tillman,Collins,"62/66 Kris Fork","Lakin Stravenue","San Pablo",Washington,Maldives,989-290-441,138-586-288,"Fritsch and Sons",nikolaus.net,"Fabric Pressers",yellow,2013-06-08,abner66@christiansen.info,L8ePv/
3730cc11-18f9-3c26-8044-41c117f4f467,Ms.,Wilhelm,Beer,"30A Runte Walks Apt. 686","Dicki Circles",Bacolod,Louisiana,Cambodia,130-014-165,732-635-351,"Lubowitz, Schiller and Anderson",denesik.com,"Algorithm Developer",teal,1973-03-26,mariah.schmidt@osinski.biz,_e#{u.&HMAWwBN-gc
dee4acc6-7c7d-3345-a6a5-e254a62f4500,Prof.,Katherine,Stehr,"72/72 Schultz Forges Suite 122","Jakubowski Motorway",Danao,"New Jersey",Grenada,088-661-475,646-274-063,Pfannerstill-Hettinger,feest.net,"Geography Teacher",lime,2020-12-21,udooley@cole.com,kMxXI.o&*7qz$
91c25552-4cf1-3fef-b05a-cc1e0bcb3a2a,Prof.,Travon,Tromp,"94A/83 Hirthe Villages","Parker Hills","Tarlac City","New Jersey",Switzerland,755-870-568,793-538-947,Jast-Breitenberg,batz.biz,"Fast Food Cook",gray,2010-08-15,ijacobi@yahoo.com,Gd%h%]v4)~b(mU
8e3fa410-236e-3284-8fe6-056013c8b183,Ms.,Berenice,Cronin,"93A/39 Towne Burgs Suite 910","Jacobs Ridge",Sipalay,Iowa,Uzbekistan,854-404-564,355-586-407,Franecki-Abshire,osinski.com,"Power Generating Plant Operator",silver,2019-12-01,osbaldo34@gmail.com,">-s&kvdj""%Rb["
71ef7b7a-0cae-3682-b94d-420388fedbdb,Mr.,Mariah,Ondricka,"62A/41 Senger Light Suite 533","Johnston Motorway",Marawi,Ohio,Lesotho,374-340-710,271-773-168,"Funk Group",goldner.com,"Art Director",gray,1971-08-22,tressa76@murray.com,"BqAM>[>B:z""TF&,Bw"
0909fcff-c53c-3cb2-be37-32bf6999bb15,Mr.,Florian,Zieme,"20 Mitchell River Apt. 850","Hand Plains",Talisay,Ohio,"Cote d'Ivoire",212-430-202,292-267-806,"Bartell PLC",johnson.net,"Petroleum Engineer",lime,1981-01-21,lind.darren@yahoo.com,"N};b/'^|gi\"
e1f02bef-424f-36e8-84fb-8d21ee4a842b,Mrs.,Easter,Rippin,"02A Hartmann Knolls Apt. 064","Zieme Fields",Lipa,Arkansas,Haiti,512-167-352,421-313-310,Lemke-Ledner,kunde.com,Shampooer,navy,2020-06-21,bret.ortiz@gmail.com,x[[e!SfYG$j*
5a5afd59-e794-3d48-9e21-81f288873845,Prof.,Jed,Rowe,"13 Parisian Ridges","Champlin Point",Escalante,Montana,Montenegro,753-972-007,508-111-286,"Johnston, Price and Beatty",schinner.biz,"Heating and Air Conditioning Mechanic",olive,2019-09-17,sheridan.king@hotmail.com,"?i\|+^unMh#r}"
bc62822a-15c3-3564-98f5-e47128d0ef6a,Mrs.,Ara,Wiegand,"61 Armstrong Tunnel","Murray Well",Tuguegarao,"South Dakota","New Zealand",386-200-891,017-769-288,Ankunding-Durgan,heidenreich.com,"Nuclear Monitoring Technician",aqua,1973-09-27,vnienow@hahn.com,6Hlkih:n(V`
3bca5729-b8c8-3178-8741-e262246af895,Prof.,Helene,Marvin,"25 Stark Manor","Stehr Ferry",Manila,Minnesota,Mozambique,273-111-969,116-447-207,"Hartmann Ltd",stanton.org,"Aircraft Engine Specialist",white,2022-07-05,berge.gussie@batz.com,".w:gomLsJg,Y"
7416b3d6-d0e3-3767-818b-64eed4d99515,Mr.,Jayne,Schiller,"89 Adams Glens","Olson Shores",Borongan,Missouri,"Solomon Islands",516-669-369,966-635-063,Russel-Klein,pagac.com,ccc,teal,1976-06-14,brad.becker@block.biz,B>Cg*0zd{
f101498d-9a82-3460-8a35-9f5adc0b275b,Miss,Jaclyn,Wehner,"18 Thiel Wall Suite 784","Borer Shoal",Tayabas,"District of Columbia",Kiribati,939-775-472,703-577-440,Collins-Collins,torphy.com,"Communications Equipment Operator",white,2023-03-07,carol68@lemke.com,"f\$9ra"
d298d321-f2ae-37b4-afe5-0780123ef349,Dr.,Taya,Windler,"49/12 Wisoky Lodge Apt. 043","Rutherford Corners",Imus,Hawaii,Taiwan,704-903-947,736-413-188,"Towne, Boehm and Mills",abernathy.com,"Transportation Inspector",olive,2022-01-06,yost.dayna@gmail.com,"S:/L_Hrysz\i"
594624d1-f12b-3ef2-87e6-d4ee2c4479fb,Dr.,Jovanny,Paucek,"14 Ullrich Prairie Apt. 689","Ortiz Overpass","General Santos","New Jersey",Tunisia,681-571-769,548-179-857,Dietrich-Beer,brown.com,Counselor,green,1976-06-09,noah.volkman@hotmail.com,SW4.EzM4E${O=4/6
31feb05e-b7a8-32ea-b2be-14eb97fcd796,Dr.,Diamond,Purdy,"33/91 Cassin Ways Suite 437","Konopelski Center",Mabalacat,"West Virginia",Gabon,566-263-992,691-382-231,"Schmidt PLC",von.com,"Health Technologist",purple,1992-04-30,dickinson.bianka@hotmail.com,"?x\RlpQM[#%"
30d962df-8b63-3285-8c1e-0912d8118151,Prof.,Isabell,Considine,"19A Zieme Freeway Suite 164","Hodkiewicz Port",Tanjay,Nebraska,Brazil,360-060-840,206-586-003,"Rosenbaum, Kling and Ritchie",mclaughlin.com,"Stock Clerk",green,1993-05-28,kkihn@okon.info,"/{m.645HJ1fth0m>""m"
61f27a1b-4b33-3c9d-aecd-bf6c65d06d3d,Prof.,Karolann,Leffler,"31/55 Barton Mountain Apt. 252","Ratke Mills",Imus,Montana,China,273-718-011,442-499-983,"Treutel, Schmitt and Champlin",daniel.com,"Milling Machine Operator",white,1977-11-28,carter.hillary@hotmail.com,f<[FWykk9J;@{e&
5fc7dca7-6482-3b99-84dd-f8c5845b9954,Mr.,Abel,Schultz,"02A/32 Considine View Suite 088","Torphy Valleys",Koronadal,Colorado,"Cocos (Keeling) Islands",319-184-734,257-219-141,Gutkowski-Legros,schaefer.com,"Segmental Paver",teal,1978-06-22,alyson89@boehm.com,"8dXR,""%"
18a4e1e5-75bb-32e7-8df4-a640fbd4e190,Dr.,Dashawn,Trantow,"30A Heller Center Suite 533","Haag Islands",Cauayan,Massachusetts,"San Marino",046-404-468,835-507-024,"Osinski and Sons",halvorson.com,"Ship Engineer",purple,2007-06-29,emory33@hotmail.com,.vgm6h7s+8+
9672c768-dff6-3c42-b470-9127ef74d23a,Prof.,Jacynthe,Ratke,"23A Flatley Station Apt. 223","O'Hara Bridge",Cauayan,Montana,"United Arab Emirates",433-034-550,328-038-674,"Abbott LLC",wilderman.com,"Surveying and Mapping Technician",teal,2008-02-26,wschmeler@king.com,"J>q%J5,J"
7dc3ec79-ba89-3f27-b856-62bb30fec41c,Ms.,Marcella,O'Reilly,"47A/82 Stiedemann Neck","Stokes View",Santiago,Alaska,Turkey,164-806-088,727-509-382,"Sipes, Runolfsson and Hamill",koss.org,"Talent Acquisition Manager",black,2018-06-07,cwitting@miller.net,f6lay6d&gf{f
89455cfb-9e3f-3682-9030-5294a9a0ae49,Ms.,Wilbert,Blick,"97A Lockman Plaza","Borer Bypass",Bayugan,California,Armenia,280-595-548,118-697-878,"Gleichner, Kirlin and Halvorson",bayer.info,"Telecommunications Equipment Installer",navy,1980-04-18,ferne.gerlach@yahoo.com,Z*.h}/XE:gj
3b7a9c1a-e1e2-37f4-bf08-600ac9fda5b6,Dr.,Ima,Kovacek,"91A Kerluke Drives","Senger Causeway",Tanjay,California,Norway,986-826-708,172-336-435,"O'Reilly LLC",volkman.com,"Counseling Psychologist",olive,1983-09-29,langworth.aglae@hotmail.com,=:`+CYf_U0T})qj>:1-
5dc5dccc-38c9-3008-8b1b-b7715a60a992,Ms.,Xander,Waelchi,"80A/94 Moore Lights Suite 811","Rempel Throughway","Iloilo City",Alaska,Macedonia,615-470-899,420-829-072,"Schuppe LLC",zulauf.com,"Stone Cutter",aqua,1993-01-29,asia76@yahoo.com,l/xZw`/3n+@T8
7d1e8101-d6cd-31ba-9047-5e5190fb6920,Mrs.,Nick,Casper,"19 Corkery Green Suite 748","Altenwerth Roads",Cauayan,Alabama,Greenland,067-385-916,741-953-248,"Cummings Ltd",wehner.info,"Gaming Dealer",green,1986-01-19,anahi82@hotmail.com,3T?$:WkUbRO8&z(ob
3c85a445-4506-336b-a155-8dfea08a4691,Dr.,Stefan,Grady,"35 Zemlak Shores","Botsford Course","Santa Rosa",Montana,"Holy See (Vatican City State)",117-781-765,273-062-283,"Adams Ltd",wintheiser.com,Auditor,gray,1996-03-17,vbechtelar@veum.com,qO?f+-
4fd52340-d03d-3a45-8ddc-37fb0ef8dbdb,Miss,Luis,Flatley,"93 Swift Camp Apt. 384","Leffler Mill",Angeles,Washington,Azerbaijan,896-520-177,047-705-712,"Gottlieb, Harber and West",lakin.com,Audiologist,teal,1989-12-25,april.wuckert@gmail.com,5)A!TA7NAY)T_g
cef21208-50a5-3b52-847e-bf811fc00f7c,Prof.,Roslyn,Spinka,"78 Bechtelar Fields","Weimann Corners","Tarlac City",Arizona,Malaysia,093-140-470,169-503-655,"Rodriguez Ltd",volkman.com,"Tax Preparer",black,1984-06-22,tillman.reynolds@moen.org,XVH^QvN%_J>9?I}d
89ca0629-d33d-3ea7-9c4a-78a929cb4a86,Mr.,Theresia,Streich,"85/78 Hermann Plain Apt. 785","Wolf Radial",Calbayog,"New Jersey",Ethiopia,195-711-909,091-445-540,"Little and Sons",koss.net,"Rock Splitter",blue,2000-10-10,hassie.mills@ruecker.com,dkwDDK!VbX6/qZ*
ede70f0e-4f3e-36ef-90f0-b68b2fcb5aa5,Mr.,Russel,Cormier,"48A/25 Kuhic Crossroad Suite 297","Brekke Fords",Catbalogan,Virginia,"Lao People's Democratic Republic",706-937-592,990-967-937,"Renner Group",wisozk.info,"Occupational Therapist Aide",fuchsia,1971-11-24,gillian46@yahoo.com,"Td,v41dd5a"
dd99ccb9-06ff-3168-9883-09f51b78c8da,Mr.,Everett,Wyman,"61/46 Parker Tunnel Apt. 755","Ebert Crossing",Baybay,Arizona,"Solomon Islands",897-299-748,016-017-066,"McKenzie Inc",dietrich.com,"Civil Drafter",gray,1995-07-28,hackett.braxton@lowe.org,"6]6+<m\wmOK|Uiqlf\6`"
e813138d-7b4e-3aa2-94d7-bf591c5f9a78,Prof.,Orville,Veum,"23/17 Dibbert Harbor","Luettgen Haven",Alaminos,Kansas,India,493-887-050,934-749-610,Parisian-Rowe,cartwright.info,Editor,lime,1985-08-09,rowe.hester@hotmail.com,"RTGSG+9'-#[KZ""Z?d!"
94694dab-d7f3-3c7c-9077-dc1808e6649b,Mr.,Bruce,Buckridge,"68/63 Weissnat Flats Apt. 132","Cremin Locks",Carcar,"New York",Eritrea,867-695-550,767-850-508,"Hettinger, Terry and Howell",huel.com,"Refinery Operator",fuchsia,2014-09-29,bode.lupe@koepp.com,Biz`M1
71a9ae44-e9ec-3b48-b8d8-066dce7a0737,Miss,Mittie,Vandervort,"40/14 Hills Hill Suite 187","Conroy Landing",Baguio,Oklahoma,Aruba,744-701-294,484-505-678,"Sporer PLC",goldner.net,"Technical Director",black,2009-12-24,joanne71@hotmail.com,8bt}`:
ec8c3c84-9390-328e-ac18-7948ddb0941b,Mr.,Matilda,Donnelly,"23 Abbott Forks","Jacobson Mount",Ligao,Minnesota,"Papua New Guinea",293-581-440,698-193-743,"Stiedemann, Osinski and Roob",klocko.net,Surgeon,yellow,2023-08-30,tracey.maggio@yahoo.com,W#F9LbMR!mT&k
09ea58d2-f676-3ec2-98cd-f12489382fde,Dr.,Cassie,O'Hara,"82/85 Little Brooks","White Flats","Cavite City",Delaware,"French Polynesia",465-828-285,035-846-439,"Hane, Kunze and Williamson",schamberger.com,Lawyer,maroon,2008-02-19,lehner.graciela@schumm.com,E!y0.H29hPWKUX[X'~h[
aab0a0d7-240c-30c5-b549-b9e10494163f,Mrs.,Violet,Trantow,"54A/39 Jast Bridge Apt. 718","Bernhard Orchard",Panabo,Montana,Malta,706-799-068,663-384-080,"Schulist, Lesch and Skiles",turcotte.com,"Job Printer",white,2017-03-13,eichmann.sallie@hotmail.com,",dXQc_v#LhSc2sPJQ"
ac56794f-d5d7-3fd6-b4aa-4daa4979a627,Ms.,Alessandro,Beahan,"49A Herzog Run","Will Viaduct",Bislig,"North Carolina",Turkmenistan,080-052-202,713-324-065,"DuBuque, Kuvalis and Will",vandervort.com,"Sound Engineering Technician",maroon,1974-12-11,ohara.jeff@hotmail.com,"v7I;oi#&,[aLDj.,ySR9"
7c6a9daf-f810-3f9f-96e9-b92092db98ca,Prof.,Alayna,Goyette,"29 Blanda Groves","Champlin Meadows",Lucena,Kansas,"Czech Republic",112-390-015,936-711-953,"Carter, Klein and Rodriguez",fay.com,State,silver,1992-08-20,beer.aaron@kris.info,"wu8Y}~nVzm.+rS""_7"
f7729d12-601a-3595-81c4-2fb42f00a1c6,Mr.,Jerome,Beatty,"84 Little Hill","Rogahn Shore",Isabela,Arizona,France,523-168-803,447-814-877,"Jaskolski Ltd",nolan.com,"Music Composer",teal,1983-02-23,bhand@yahoo.com,}BYZs$$
2d5b6d20-0c7c-312c-a005-5b68ca4c9e77,Prof.,Iliana,Turcotte,"04A Prosacco Brook","Auer Oval","Iloilo City","South Carolina","Bosnia and Herzegovina",101-746-485,025-738-826,"Kautzer, Jaskolski and Bradtke",grimes.com,Physician,navy,2011-03-13,xjacobi@harris.com,kHqW*b8hp_|`H1~
0ff590bc-e3fd-315b-b7e1-d2f81ae40672,Mr.,Earl,Renner,"72A/70 Corwin Ridges","Hessel Mall",Bais,Indiana,Guernsey,258-411-680,930-907-011,"Schumm, Considine and Runte",corwin.biz,"Private Detective and Investigator",maroon,1989-04-13,enoch.renner@steuber.com,-kI:ZRsnc(
84d91a74-f9ba-3295-8c2e-259e1c8c74c7,Mrs.,Christa,Treutel,"03A/92 Muller Harbors","Hamill Stream",Dumaguete,Indiana,Israel,593-553-748,639-946-125,"Muller, Glover and Gutkowski",auer.net,"Dental Assistant",fuchsia,2022-09-13,diana50@adams.info,"Iu@oy-,'b1>#,o"
615a8a66-706a-3cb7-92c9-2e1da71cb6fa,Dr.,Margaretta,Weimann,"72A Ortiz Gardens Suite 269","Kirlin Summit",Valenzuela,Massachusetts,"El Salvador",490-470-473,680-632-864,"Flatley, Mohr and Bashirian",mcglynn.biz,"Aviation Inspector",black,1996-09-29,rmcclure@bashirian.com,v&.pS-uB)%j05RyR
8aa45c1d-b29d-3a97-ab62-5497d3c52461,Ms.,Carlo,Schuppe,"83/21 McDermott Heights Suite 101","Johnston Wall",Mabalacat,Connecticut,Guam,740-488-038,359-644-749,Cruickshank-Aufderhar,romaguera.com,"Healthcare Support Worker",olive,1977-05-23,ymcclure@gmail.com,MN*Q5ziN%(sjV+uL*S
3af2bbce-51d1-3c93-8269-b8596fc7bcd3,Prof.,Chyna,Corkery,"76A/58 Fay Fall","Hoeger Freeway",Manila,Alabama,Vanuatu,621-120-588,938-150-691,"Cole LLC",beier.com,"Service Station Attendant",aqua,2004-07-04,fharvey@hotmail.com,D}}H-:
0adff373-ad71-3adf-93d2-f9c72d066560,Dr.,Fatima,Mosciski,"55A Bartoletti Ferry","Bode Meadow",Tangub,Washington,Macedonia,343-659-820,920-435-767,"Welch and Sons",oconnell.com,"Electrical and Electronic Inspector and Tester",white,2006-09-09,alvena47@parker.com,",BrT:@>Vv"
2a52ead3-e211-3f1c-9f0d-4449797bdb3d,Prof.,Sebastian,Zieme,"47 Herman Points","Streich Shore","Surigao City",Kansas,Greenland,222-759-796,429-674-223,"Heidenreich, Fay and Champlin",brown.com,"Logging Supervisor",fuchsia,1972-10-17,dickens.bertha@gmail.com,e41$SOe8gxWdO|Oq
a67dc552-d40c-3b3b-b94b-2aefce8abb65,Dr.,Jaylan,Quigley,"89/17 Carroll Dam Apt. 745","Smith Meadow","Cotabato City",Kentucky,Austria,549-899-448,642-570-531,"Champlin, Hoeger and Dickinson",lesch.org,Sheriff,navy,1991-12-16,emil.towne@williamson.com,uEq<_C2jk
5c8557ec-ab1e-3387-945a-677b78e71095,Prof.,Doyle,Hill,"76 Bauch Station","Paucek Square",Tangub,Maine,Micronesia,935-621-939,789-614-880,Beatty-Skiles,rath.com,Illustrator,teal,1982-10-16,konopelski.letha@gislason.com,6P&G5}?nmMuDVX%_RMY8
35e54c85-85af-3107-87b0-fb1991559eef,Dr.,Nikolas,Reichert,"99A Becker Lodge","Okuneva Drives",Bais,Connecticut,Paraguay,067-035-282,400-267-909,Bartell-D'Amore,shanahan.com,"Earth Driller",teal,2020-01-25,gillian56@gmail.com,"<R""RHA7{\;`6@D"
b1a970d8-805d-36f0-b09d-9bdea5d94ca4,Prof.,Emilia,Hansen,"13A Prosacco Point Suite 614","Johnston Brook","San Carlos",Maryland,Reunion,158-743-121,746-839-337,"Leffler LLC",gutkowski.com,"Gas Appliance Repairer",maroon,2010-06-13,borer.danika@gmail.com,"f?*m'%S/)syGE,)l{5W"
006df7b3-001d-3cf9-8caa-7ebee8fa9a09,Ms.,Ulices,Keebler,"18A/02 Hermann Road","Konopelski Brooks",Marawi,Michigan,Tanzania,826-410-736,794-615-452,"Mueller PLC",kling.com,"Social Media Marketing Manager",blue,2005-08-24,nking@grant.com,jh;Ehs0E^I1
1ef1aaa9-cc53-3e20-b787-dd8a609c7013,Mrs.,Antwan,Ankunding,"61/82 Purdy Mountains Apt. 382","Lindgren Roads",Tabuk,"Rhode Island",Guernsey,375-474-728,902-817-258,Kertzmann-Witting,williamson.com,"Stationary Engineer",gray,1994-11-08,leta93@roob.com,.7F1F+
cc55e45d-b112-39f1-a0ba-1bba63100030,Prof.,Jonas,Howell,"64A Will Isle","Schiller Corner",Guihulngan,Minnesota,Paraguay,112-139-636,561-616-007,"Boyle PLC",anderson.info,"Sewing Machine Operator",maroon,1988-10-17,tianna.jaskolski@gmail.com,"fF""p@y3}I)gAPe[8C"
6f0da131-1711-35ae-ae9e-7ba9399b8f4b,Dr.,Imogene,Kirlin,"48A Mayert Roads","Armstrong Course",Talisay,Alaska,"Cape Verde",402-288-544,525-359-485,"Johnston and Sons",hodkiewicz.net,"Armored Assault Vehicle Officer",gray,1978-03-30,christina.lindgren@gmail.com,"fLU""QvAzJMM|7on^%g"
6691aa45-48ca-3ace-9697-da906251e341,Prof.,Daphne,Crona,"79A Kling Falls Suite 358","Miller Shoal",Taguig,Missouri,Armenia,526-903-568,974-655-568,"Kessler Inc",hettinger.com,"Architectural Drafter OR Civil Drafter",navy,2016-12-07,clyde53@yahoo.com,>a$<'cr9Whd*
9339d1bd-44d8-3c77-85b0-ba23852c8a95,Prof.,Carli,Haley,"42A Towne Locks Apt. 716","Jast Dale",Makati,Ohio,Yemen,250-803-768,123-533-836,"Schuppe, McGlynn and Reinger",lehner.com,"Forging Machine Setter",maroon,2013-06-16,corkery.wade@steuber.com,"GWk1,W7U"
48bf5fa4-fc53-3947-ad67-b8672f7e20a8,Prof.,Providenci,Crooks,"30A Shields Drive","Orn Trafficway","Cebu City",Oregon,Maldives,545-542-197,006-891-137,"Baumbach, Gislason and Bins",rempel.com,"Architectural Drafter OR Civil Drafter",purple,2013-06-01,ivah04@yahoo.com,2.ydp^
b891448b-58f6-3cb8-9de9-5b7abdd91e8a,Mr.,Glen,Block,"72 Metz Curve Apt. 572","Rolfson Lock",Gapan,Kentucky,"Saint Kitts and Nevis",188-030-911,907-391-108,Beatty-Barton,emard.biz,Telemarketer,black,1974-04-28,kemmer.donnell@hotmail.com,"6`/}\/PKl""*a-"
73b19178-4bbe-31a7-a3cc-0a1cc6fbd631,Mr.,Demetris,Schmitt,"50 Daugherty Knolls Apt. 066","Flatley Crest",Pagadian,Hawaii,Finland,893-476-220,902-970-671,"Weimann, Terry and Marvin",block.com,"Short Order Cook",fuchsia,1984-05-07,mstracke@lockman.com,WMPwpr
7d6861d6-3e84-36dd-86c9-beb9043bfd28,Mr.,Bo,Hodkiewicz,"29A Beatty View Suite 700","Kozey Port",Gingoog,Hawaii,Denmark,086-470-552,744-639-028,Schmeler-Kuhic,kling.com,"Health Practitioner",lime,1981-04-28,bret35@hotmail.com,8C@9h&Qt
79a682c0-d9b7-36d6-a41c-8e4ac8ce360d,Mr.,Prudence,Heaney,"75 Stokes Coves","Collier Branch","Cebu City",Alabama,Montserrat,696-539-610,999-019-373,"Hamill, Upton and Sauer",rowe.net,"Real Estate Association Manager",teal,1981-07-26,justyn.toy@gmail.com,"Co:6],R(p{"
f736d14e-bddc-3f15-8e39-c46048583af5,Prof.,Lester,Morissette,"31A/43 Rosenbaum Flat","Hackett Crossroad",Gapan,"New Hampshire",Macao,357-876-145,997-009-572,Kulas-Morissette,morissette.com,"Mail Clerk",purple,2008-04-23,christ.hackett@gusikowski.org,qHq21phiP-ownTy
3b1915c0-a22a-3ab9-853a-a8cf5d79623a,Ms.,Lambert,Wunsch,"14/16 Koss Islands Apt. 603","VonRueden Freeway","Trece Martires",Nevada,"Cayman Islands",752-990-405,182-185-577,"Boyer, Fahey and Legros",mitchell.com,"Artillery Officer",gray,2015-05-11,abbott.maci@willms.com,_r|?%~#KBM@Sy
b2e29dcf-e670-3679-af70-7fc98cc4577e,Dr.,Flavie,Gorczany,"67A/94 Gulgowski Parkways","Strosin Dam",Ormoc,Wisconsin,"Saint Barthelemy",479-928-965,338-843-230,"Langosh Group",paucek.biz,Lifeguard,olive,2007-08-30,gleichner.katrina@simonis.biz,ba*p[IKcG
3564c193-4953-34c0-be79-dad0f2139f2f,Prof.,Torrey,Bartoletti,"25A/97 Hilpert Glen Apt. 401","Mraz Curve",Malolos,"North Dakota",Rwanda,827-398-750,966-022-398,Reilly-Jacobs,kuhic.net,"Gas Distribution Plant Operator",green,2006-10-21,ohara.stacy@brakus.com,'C`m};jT?=
68a80df7-fd36-3f41-aeb1-e88ec6ca2f3e,Ms.,Dusty,Olson,"22A/66 Strosin Trail Apt. 248","Walsh Plains","Davao City",Missouri,"Svalbard & Jan Mayen Islands",705-836-430,942-113-588,"Wyman and Sons",mills.net,Designer,maroon,1981-01-20,otha.schultz@hotmail.com,"-:zb\rn:%tx6mg+db)#"
3a3a77d0-1702-3812-943b-b6b504eeef5e,Prof.,Russ,Hayes,"48A Weber Burg","Carroll Walks",Baguio,California,"Lao People's Democratic Republic",466-571-542,380-940-682,"Dickens, Hauck and Kassulke",schamberger.biz,"Industrial-Organizational Psychologist",teal,1992-04-06,zrippin@rohan.com,Y`+X<E;F31V4d.?!g=
8fc3d60b-d7d7-3e40-bb50-bed107f3e8ae,Mr.,Mina,Cremin,"27/28 Corkery Meadow Apt. 155","Marks Squares",Legazpi,Indiana,Bangladesh,300-934-825,673-558-789,Hermiston-Monahan,klein.com,"Forest Fire Fighting Supervisor",blue,2022-06-09,mante.naomie@hotmail.com,swP1Z{b?0N>VGyI
f45a2bd2-4d39-38ea-8e72-8ed8fc7153ce,Ms.,Einar,Watsica,"34 Muller Glens","Jakubowski Spurs",Malolos,Wisconsin,Jordan,220-750-188,770-050-894,"Bergstrom and Sons",leannon.com,"Fast Food Cook",maroon,1988-03-27,kris.everette@brakus.com,=j'C)qW$0'8
367bded6-5516-3da4-a8e9-b4e24902081b,Mrs.,Clifford,Toy,"63A Funk Street Apt. 804","White Locks",Balanga,Missouri,France,120-107-761,606-077-816,White-Schmitt,walter.org,Locksmith,white,2000-05-05,lila57@hotmail.com,"FCdM_vL|\"
f88a76df-c50b-3704-96af-129b4d00c886,Miss,Carlie,Bahringer,"30/27 Gutkowski Bridge Apt. 328","Kuvalis Manor","San Pedro","New Hampshire",Moldova,074-797-891,585-729-554,Kohler-Cassin,kessler.com,"Mining Machine Operator",silver,2006-12-27,powlowski.keyshawn@goodwin.com,"mB7v914p7u4A"""
9329d350-605f-3cf1-b30d-21d5a4ac23a6,Mr.,Ezekiel,Spencer,"67/85 Gibson Ridges Suite 473","Dickinson Brooks",Urdaneta,Nebraska,Angola,574-046-275,159-414-167,"Hartmann, Prosacco and Davis",huels.org,"Pharmaceutical Sales Representative",white,1999-07-02,cordie.armstrong@yahoo.com,"zW>z:qZS4,=knl)l`zU<"
b72329d6-dd3d-322c-aa83-a146832bb4f8,Prof.,Sammy,West,"27A Botsford Parkway Apt. 816","Jaskolski Unions",Malaybalay,Alabama,Gambia,277-842-237,906-885-985,Kunde-Kulas,raynor.biz,"Hand Presser",navy,2005-01-23,rebeka59@cummerata.net,"fP,IG@cKNP`"
d525dedc-7617-3032-9053-56e56a7a153f,Miss,Walker,Grady,"29A/61 Spencer Crossroad Apt. 225","Gulgowski River",Talisay,Alaska,Philippines,377-875-112,002-840-074,"Howe, Reinger and Hagenes",douglas.com,"Special Education Teacher",lime,1973-12-03,daisy70@kirlin.org,zoF^]IdsP@@O+
8f78b685-8ff4-372a-9155-e61a914b83ab,Prof.,Eduardo,Rowe,"98/19 Crist Estates","Ullrich Light",Laoag,Hawaii,Estonia,202-393-551,721-693-621,"Brekke, Ryan and Cole",herman.net,"Social Sciences Teacher",blue,1974-12-26,homenick.aiyana@gmail.com,W6Rr.m9YZR1jP*7
edab31b1-990f-3331-ac69-6a6ee39d7c31,Prof.,Ebony,Hartmann,"18A/68 Lynch Corner","Waelchi Unions",Tacloban,Alaska,"Kyrgyz Republic",843-764-923,008-906-165,"Conn Ltd",auer.com,"Environmental Engineer",green,1979-01-26,brooklyn00@zulauf.net,Ewot=&OCv
299fac04-8588-336e-9184-e55ef4de4d6d,Dr.,Yazmin,Kirlin,"87A/02 Botsford Extensions Apt. 328","Roberts Place","San Jose",Oregon,Peru,129-977-312,279-280-326,Shields-Jaskolski,kuhlman.com,"Operating Engineer",silver,2021-05-16,okeefe.bernadette@yahoo.com,}s>Jy-vP
41af5a7f-ffc9-3e57-8fb7-86cf0420b159,Dr.,Deron,Hegmann,"88A Walker Park Apt. 376","Carroll Groves","Sorsogon City",Massachusetts,Guadeloupe,969-968-591,348-766-473,Osinski-Schroeder,daugherty.com,"Oil Service Unit Operator",green,2018-10-12,jordan.gleichner@cronin.com,I'W$6:V&0tsi6L7b
26c55c80-a276-39d6-bab7-5f7ba57856ea,Dr.,Carter,Bartell,"52A/24 Jacobson Plaza","Leffler Estate",Dumaguete,Oregon,"Syrian Arab Republic",903-163-330,213-980-428,"Cronin, Dibbert and O'Connell",mueller.com,"Eligibility Interviewer",black,1997-08-18,jeanie.baumbach@oconner.com,"lWO}Hrl,zRO~Z:1<@w?%"
49fe6c78-6c23-3fbd-8e46-bc30e620a7e9,Mr.,Marian,Schaden,"21A Koelpin Cape Apt. 493","Waelchi Rapids","San Carlos",Oklahoma,Sudan,371-766-299,357-463-195,Rempel-Ratke,mann.net,"Veterinary Assistant OR Laboratory Animal Caretaker",silver,1981-12-01,nicolas.emerson@hotmail.com,k=H9Y<]Z?)(JP
e136db50-d2a6-3516-af5d-f1f6585dffdf,Ms.,Ervin,Heller,"40/24 Dietrich Ports","Kozey Throughway",Balanga,Tennessee,"Marshall Islands",036-340-623,754-525-840,"Welch, Kshlerin and Heathcote",collier.com,"Ambulance Driver",green,1975-03-31,fkautzer@hotmail.com,})Has3{t'
2b69e838-037d-3a21-8f28-0dcf5bee5e7c,Dr.,Kathryn,Kub,"84 Jacobi Islands","Haag Forges",Palayan,Alaska,Cyprus,753-265-769,328-146-423,"Stamm and Sons",maggio.com,"Heating and Air Conditioning Mechanic",green,2004-08-24,osinski.hattie@conn.com,"\p-X0+"
8a853441-20a2-3e9a-8143-14234466b4f7,Miss,Lawrence,Graham,"00A Dicki Manors","Mitchell Dam",Malaybalay,Minnesota,Japan,187-178-901,594-192-308,"Huels, Boyle and Brown",walter.com,"Shuttle Car Operator",gray,1989-11-06,lyla21@hudson.com,#9Ns5VE`+b;
58f6898e-8fe6-38ed-b035-011c69d96319,Dr.,Kirk,Senger,"69/59 Schmidt Extensions Suite 050","Halvorson Shore",Talisay,Alabama,"El Salvador",574-595-873,097-660-306,"Altenwerth, Gerhold and Bode",mcdermott.com,Singer,aqua,2010-07-14,filiberto.hahn@gmail.com,|av0]xbX6L
b00cb84f-fe87-38bb-bdc2-315a3c12dbd3,Dr.,Elnora,Keeling,"43 Flatley Ford Suite 223","Gerlach Alley","San Pedro",Oklahoma,Dominica,421-581-157,164-411-953,"Upton, Feeney and Crona",ankunding.info,"Product Management Leader",aqua,2011-02-06,kmertz@strosin.net,V!9Q}T
937666a9-76ed-3771-a974-8169eb2e9d57,Dr.,Aimee,Romaguera,"67/50 Leffler Crossing","Olson Mills",Tuguegarao,Illinois,France,093-383-676,043-041-004,"Bahringer Inc",hessel.com,"Physical Scientist",teal,2018-12-27,bcartwright@yahoo.com,9-W#kA!:
3b15a50b-e42d-3fc5-9882-66580cb6a274,Miss,Luz,Hane,"39 Howell Brook Apt. 247","Schuster Cove","Las Piñas","District of Columbia",Malaysia,700-247-604,849-513-990,Ullrich-Lockman,aufderhar.com,"Orthotist OR Prosthetist",olive,1972-06-02,rogahn.elias@hotmail.com,"EQn,qNNRqZ2u&OiPNcp%"
ec8dc7e1-3a13-3db0-a4ba-b4f459b2f311,Dr.,Providenci,Lebsack,"99A Padberg Drive Suite 409","Graham Club",Bais,Louisiana,Lithuania,033-636-379,147-629-878,Simonis-Dicki,pollich.com,"Truck Driver",gray,1984-08-31,hadley.hessel@green.com,"eL{G5,,y8$}1"
323eeb86-11d2-3cf3-bcb2-ed296291de4e,Ms.,Antonio,Kunze,"13/81 Donnelly Port Apt. 393","Purdy Trafficway",Sipalay,Mississippi,Peru,544-172-100,757-962-177,Kunde-Lockman,rogahn.info,Embalmer,white,1973-01-30,crona.anastasia@gmail.com,!?!Jp91u
283a0ba4-e01c-3472-aada-b8d8bfcfea59,Prof.,Kristin,Schultz,"03A/93 Ondricka Manor Apt. 137","Morar Lodge",Calapan,"North Dakota",Cyprus,614-566-411,860-971-437,"Metz PLC",mueller.com,"Mining Engineer OR Geological Engineer",yellow,2007-12-29,schmidt.kylee@schimmel.com,"}&o&L?WSx,9<ne*."
295e5060-77dc-36bf-9914-ef34b4088950,Prof.,Nickolas,Cummings,"20A Beer Lodge Apt. 926","Hills Stravenue",Silay,Tennessee,"Northern Mariana Islands",756-448-340,228-517-484,"Muller PLC",stroman.biz,"Wellhead Pumper",olive,2015-09-19,friesen.michale@friesen.com,}|m=*eX'=A
78bc28f3-d800-3714-ae67-ede2edb74428,Dr.,Lonie,Murazik,"52/17 Oberbrunner Islands","Raynor Forges",Calbayog,Virginia,"Cook Islands",799-230-469,465-285-988,Kirlin-Fay,eichmann.org,"Mail Clerk",lime,1998-05-06,abby52@hoppe.org,7lr<Y<N
3dba5c37-0838-344c-9a66-543222e4a0ce,Dr.,Caterina,Considine,"03A Bayer Motorway","Rutherford Path",Malabon,"New Mexico",Tanzania,432-862-178,942-304-208,"Rowe, Effertz and Rippin",mcdermott.com,Astronomer,navy,2011-09-09,udaniel@ondricka.com,8~Raxx'
375600a7-28ac-3a77-a46c-b21f4fe5d96e,Prof.,Meghan,Goyette,"30A Hodkiewicz Road","Rath Ferry",Canlaon,Montana,Uruguay,992-508-910,711-218-961,"Kunde, Wolff and Stroman",vonrueden.com,"Forestry Conservation Science Teacher",blue,2013-11-25,fermin00@rosenbaum.net,"9L""5?7k"
8f4a23d5-f55f-37b2-8369-13d7f00c5ef4,Miss,Yvonne,Berge,"45A Pagac Stravenue","Hackett Lock",Valenzuela,Iowa,"Wallis and Futuna",926-670-822,980-754-521,"Wiza, Tromp and Brown",hoppe.com,"Electromechanical Equipment Assembler",maroon,2007-08-05,wconn@hotmail.com,FSN~vlluCe7*sy
11554379-0743-3b28-8f30-3fecf1ab969d,Prof.,Kyle,Bechtelar,"54A Blanda Lights","Wolff Trafficway",Antipolo,Wisconsin,"Heard Island and McDonald Islands",059-045-843,336-027-505,"Crona, Beier and Hegmann",morar.com,"Director Of Business Development",navy,2016-08-24,king.adonis@nitzsche.info,Ggvtaw54qiF!=z(
cfa25582-deef-3e71-9a78-4f13fc4c0804,Miss,Paxton,Miller,"17/63 Kuhn Isle","Bode Haven",Pasay,Utah,"Western Sahara",128-059-353,354-373-560,Nitzsche-Davis,bogisich.com,"Child Care Worker",blue,1990-01-22,ihamill@green.com,o'(>v*0$|$ldLE';UK:
6f1ec873-3d86-3b5a-b14e-66791197c730,Dr.,Franco,Durgan,"94/58 Labadie Dam Apt. 072","Johnston Keys","La Carlota","West Virginia","United States Virgin Islands",268-011-659,288-157-406,"Schuster Ltd",sporer.com,"Political Scientist",white,1978-11-16,yfeest@yahoo.com,mdrTa82(1p0!
186851ae-c77e-3135-a89a-4afcb23db00f,Prof.,Immanuel,Roob,"33/50 Von Mews Apt. 368","Bauch Manor","San Pedro",Nevada,Zimbabwe,961-630-490,662-175-684,"Becker and Sons",beer.com,"Financial Services Sales Agent",blue,2001-02-28,nicklaus11@hotmail.com,",nC.PI$JG#|p~d^i"
b2cf887c-a142-3976-988f-daa4626bd963,Prof.,Tobin,Weimann,"74/60 Davis Shore Suite 543","Grimes Springs",Muñoz,Louisiana,"Northern Mariana Islands",135-646-351,532-714-998,"Ward PLC",powlowski.com,"Biochemist or Biophysicist",teal,2009-02-01,wayne.hickle@yahoo.com,"r,J7^CJD{v@U"
b15eba0d-dbc2-32a5-bb10-14e2f96cf2ea,Mrs.,Easton,Cruickshank,"51/35 Bode Ridges Apt. 671","Leannon Land",Sipalay,Louisiana,Belarus,838-670-662,633-648-506,Grant-Huels,heller.com,"Landscape Architect",yellow,2011-10-19,tatum.becker@gmail.com,"_(,w[2yX6hM(}y?;Z"
2452d337-0e77-3b9f-9c0b-092fd722eb4c,Miss,Norwood,McLaughlin,"62A Murazik Lakes","Schuster Hollow","San Jose del Monte","South Dakota","San Marino",716-544-034,344-650-880,Ankunding-Lemke,hill.com,"Security Systems Installer OR Fire Alarm Systems Installer",white,1999-01-18,yrobel@parisian.net,"""H3iLa%=EV3"
8204341f-d04a-3b4f-aaec-c1363ff216f6,Dr.,Haley,Hoeger,"98A Murphy Loaf Apt. 692","Simonis Corner","San Carlos",Tennessee,Canada,594-764-643,792-215-245,"Collins Group",steuber.com,"Budget Analyst",teal,1987-12-15,satterfield.destinee@hotmail.com,"+\MLNV""55b0v4wnzNf"
d7b5c5f3-b4ba-3e0c-9ba0-66684be1595c,Dr.,Tiana,Bailey,"89/93 Blanda Mission","Hermiston Neck",Tanjay,Maine,Comoros,171-897-722,486-897-244,"Will Ltd",okon.net,"Ticket Agent",purple,2018-12-26,cole.lurline@treutel.net,G|?5Wbh=bZlUn[?XcT)J
18360af1-e559-3eb5-bdf2-b8a8428b0d9d,Dr.,Domingo,Champlin,"83A/06 Franecki Trafficway","Jacobi Dale",Borongan,Idaho,Zambia,675-240-928,990-204-303,"Welch, Toy and Rolfson",howell.com,"Chemical Equipment Controller",teal,2000-05-03,dabbott@pfeffer.net,N+3*9vI
186ad6d1-d8c6-3642-a267-a5af147a122c,Dr.,Ansley,Mayert,"22/21 Morar Parkway Apt. 869","Williamson Spurs",Baybay,Ohio,"Papua New Guinea",655-409-043,130-396-373,"Cassin, Cummerata and Heaney",west.org,"Percussion Instrument Repairer",purple,1990-11-29,cmedhurst@hotmail.com,6j(>l8=(w1[`D_Xfz|zd
76fdd93a-00bc-3b94-83ef-fcb6c23d6052,Dr.,Rhianna,Becker,"97/47 Bruen Extensions","Mills Roads","General Santos",Pennsylvania,Mali,386-787-282,389-736-907,"Hamill Inc",gottlieb.com,"Radio Mechanic",gray,1994-08-26,zmitchell@gmail.com,<?[?EdP
38d8d2df-6e72-39ca-8ca1-d283ae6f26ac,Dr.,Catharine,Flatley,"12/17 Oberbrunner Burg","Rosenbaum Mills","El Salvador",Maine,Ethiopia,831-267-051,318-430-781,Fahey-Sporer,thompson.com,"Management Analyst",white,1998-11-20,pagac.sunny@schuster.com,oa/`5:H2h0nQv
2fb4ddfd-e1ab-3ee5-a136-824198190442,Dr.,Marilou,Raynor,"34 Watsica Unions","Ryan Extension",Gingoog,Maine,Cyprus,470-119-698,191-988-612,"Kuphal, Gaylord and Steuber",dubuque.com,"Medical Transcriptionist",yellow,1970-11-24,pmayert@volkman.com,bD4N[ctIX
58ca6371-b80f-377f-a13d-49245eeba5db,Mr.,Reid,Hettinger,"88/46 Harvey Extensions","Treutel Circles",Bacolod,Missouri,Chad,360-549-822,894-723-866,"Ryan, Schuppe and Halvorson",kshlerin.com,"Casting Machine Set-Up Operator",teal,1983-01-28,adrian.mante@kessler.com,"@V&?0\"
04e84772-2a19-3bac-908a-1e015eeb24c9,Dr.,Francisco,Baumbach,"69A Marvin Fords Suite 977","Bayer Ford",Tanauan,"District of Columbia",Norway,798-614-056,433-176-166,"Cronin, Sipes and Windler",gusikowski.com,"Hunter and Trapper",lime,1987-11-01,ktrantow@gmail.com,"$~,""g_[Syy?8Ji5G4cLI"
3125f37c-7963-3655-af25-f1c9753bda25,Prof.,Edyth,Gibson,"70/31 Fisher Locks Suite 772","Denesik Ridges",Iligan,Connecticut,Djibouti,205-323-196,407-122-419,"Marvin, Baumbach and Fisher",ortiz.com,Legislator,silver,1988-03-26,vincenzo36@kuhic.com,"1ekotp,K=Dr*g.),b"
3cb03928-cc7c-369a-a114-da68ea47e169,Mr.,Mason,Padberg,"38/96 Harvey Lock Suite 083","Rogahn Crest",Gapan,"New Mexico",Uzbekistan,087-610-048,931-462-747,"Stiedemann Group",miller.com,"Library Worker",maroon,2021-06-11,shana29@hotmail.com,"!""}^;5ka1V:tejl>%y"
c8647acc-54ac-36e6-9a3d-3f53e4f60cbc,Dr.,Curt,Huel,"14 Botsford Corner","Moen Inlet",Naga,Delaware,Vanuatu,576-215-732,466-830-000,"Breitenberg PLC",towne.com,"Compliance Officers",yellow,2017-04-28,huels.bettie@yahoo.com,"9Wo&|.SmsK""&""w"
6eb88fa5-e177-394b-b968-9d970477fe6e,Prof.,Ezra,Emard,"91A/62 Kessler Unions Suite 077","Gorczany Stravenue","Davao City",Connecticut,Iceland,101-816-788,099-306-619,"Schowalter, Barrows and Paucek",stark.biz,"Municipal Fire Fighter",aqua,2013-07-17,darron.torphy@gmail.com,<vBzP!ax%r#Xu7
4922d561-bf1f-3d2a-8651-6cbe6c8842f5,Dr.,Dwight,Hartmann,"72A Ebert Flats Apt. 519","Streich Manor",Passi,Washington,Guatemala,042-646-385,763-904-873,Jones-Bartoletti,ritchie.com,"Stationary Engineer",navy,1975-12-10,walker.korey@bayer.com,9yqm~G%l3nn#lsK
5cbe292f-b73a-3953-9abe-7b37c9b2ba29,Miss,Caleigh,Cremin,"89A/54 Kuhn Garden","Moore Ville",Cabanatuan,Arkansas,Argentina,840-076-189,929-484-759,"Rippin PLC",hoeger.biz,"Agricultural Technician",purple,2019-06-03,candido23@dicki.com,"+\/1Y`9W:cr`7iN?o""q"
25926bf9-e873-35e3-8b7e-603794de3a44,Miss,Lizeth,White,"60 Rutherford Run","Powlowski Green",Imus,Utah,Chile,652-215-015,400-909-504,"Dicki Ltd",prosacco.org,Arbitrator,lime,1981-09-06,keven91@krajcik.com,"G>>-&XcUE\41;"
f8a6d384-eeed-3197-9c56-ff03c20d76b9,Mr.,Milo,Rutherford,"46/57 Goldner Branch Apt. 997","Grimes Glen",Antipolo,Vermont,Cuba,009-826-917,478-494-951,"Walker, Doyle and Hammes",shields.com,Heaters,fuchsia,1991-02-12,german87@yahoo.com,@]j6If$fVG;e]me#VZ
4e4e40e2-a15a-3f5e-903a-84c553bc644d,Prof.,Agustina,Predovic,"35/94 Hilpert Loop","Mayert Views",Mandaluyong,Georgia,Singapore,896-852-033,308-475-985,"Monahan Inc",medhurst.biz,"Automotive Body Repairer",gray,1989-03-17,pluettgen@gmail.com,"o!rC^2xy'""U=GJQN"
474fefb8-ce28-3767-bbf9-855d95da3664,Prof.,Gabriella,Schmidt,"11 Quitzon Rest Apt. 640","Deckow Crest",Bogo,Vermont,"Sri Lanka",541-836-716,120-137-475,"Collier, Breitenberg and Maggio",medhurst.info,"Construction Driller",maroon,1976-06-20,acormier@carroll.info,j;{.;_o[X
644e664a-cc0e-3976-a018-259fcff13336,Miss,Rosina,Wehner,"98A/87 Maggio Orchard Apt. 056","Farrell Neck","San Jose",Connecticut,Sweden,722-025-243,529-759-660,"Hill PLC",hudson.com,"Title Examiner",blue,1971-07-01,icronin@hotmail.com,";01b*yS#)eA%""kfY"
6770a909-f992-3549-acd8-1f0fe87d6812,Mr.,Kody,Jakubowski,"81A/26 McKenzie Crescent Suite 319","Stoltenberg Springs",Naga,Indiana,"Saint Pierre and Miquelon",245-046-831,135-732-116,"Mertz Group",senger.info,"Highway Patrol Pilot",olive,2022-10-13,sbednar@yahoo.com,%J_{`6
cd474cce-ca90-3d0e-a335-bc19d3e36f68,Dr.,Felicity,Spencer,"09A Marks Club","Champlin Fords",Baguio,"New Mexico",Pakistan,083-742-880,452-422-826,"Effertz LLC",murray.com,"Elementary School Teacher",teal,1983-07-11,mcglynn.dedric@mcdermott.com,*Ofy$j=HDHyww
8b61d353-a25a-3e00-ae99-530530850ff8,Prof.,Oren,Herman,"49A Conroy Ramp","Gutmann Mountain",Ormoc,Colorado,Nepal,227-771-739,270-844-908,"Dare, Cummerata and Keeling",kunde.com,"Production Inspector",olive,2004-02-22,xschroeder@gmail.com,"Ghx..Pk*""U=G&_"
65a7cfc8-6ee8-3bc2-a8a1-adc5b935dcc1,Prof.,Aimee,Lockman,"73A/76 McLaughlin Stream","Wuckert Divide",Balanga,Nebraska,Morocco,849-980-985,756-060-156,"Smith, Kozey and Keebler",bode.com,"Dental Laboratory Technician",olive,1996-09-02,sammie63@yahoo.com,{uR{GsZS'ieh73Ywj
74f7732a-198b-3806-973d-ad437dbdb66e,Miss,Jerry,Treutel,"28 Tromp Mission Apt. 345","Gislason Club",Makati,"North Carolina",Norway,637-028-212,020-329-205,Kohler-Rosenbaum,okon.org,"Motorboat Mechanic",yellow,2013-05-19,pcorwin@ziemann.biz,}Jj-_6
1eaa4b57-7e91-3143-a578-a91838efce01,Mrs.,Antonio,Hamill,"74A/23 Abshire Trail","Skiles Well",Bayugan,Iowa,Eritrea,419-115-735,801-239-109,"Pouros, Powlowski and Robel",mcdermott.com,"Sound Engineering Technician",black,1992-11-19,gottlieb.ulises@yahoo.com,59KPwtQ5yo
7d328bc6-4526-31a9-aaee-4b06e40952bb,Mrs.,Tanner,Harris,"61A Veum Cape","Zboncak Light",Balanga,Hawaii,"Saint Martin",734-431-521,111-303-319,"Rogahn, Bauch and Rempel",anderson.info,"Chemical Engineer",white,1989-09-25,vkonopelski@walsh.info,V;<m@WV=6
d0ab8d21-6599-31ee-bf5a-2a01c1ac25fb,Miss,Gladys,Torp,"13A Moen Loaf","Reichel Trace","Davao City",California,"Hong Kong",489-885-394,294-826-642,Balistreri-Smith,donnelly.com,"Home Entertainment Equipment Installer",purple,1972-01-14,jhickle@davis.com,73{?h4/*c
d0fb98d0-ccdb-3924-984c-e2c6bede59ba,Mr.,Rhoda,Berge,"10A/13 Stamm Expressway","Johnson Circles",Dumaguete,Delaware,Samoa,676-368-146,880-509-509,Lehner-Cole,cummerata.net,"Benefits Specialist",yellow,2008-11-24,hammes.blanche@treutel.net,qH};.nFWWZ:`7y#s-aw
ca239de1-bc81-3f88-a28d-370271eb2dee,Dr.,Nichole,Lakin,"44/12 Botsford Pine","Leannon Trafficway",Guihulngan,Louisiana,Maldives,398-967-952,972-196-027,"Bashirian, Parker and Block",crona.org,"Fast Food Cook",white,1986-03-05,carolina.mills@gmail.com,4Wv46X
767163d7-752d-3639-b12e-cb54b8b416ed,Mr.,Michaela,Schuster,"73A King Run Suite 285","Leannon Circles",Tagum,Illinois,"Cayman Islands",412-007-148,749-945-328,Gulgowski-Treutel,kling.info,Drafter,black,1978-01-23,kari32@hane.com,"rLiO<'8,"
6cc2cbc4-7288-31a8-919d-70d62091b092,Prof.,Sofia,Ullrich,"35 Cole Flat Suite 437","Spencer Coves",Tandag,Vermont,Tajikistan,992-423-064,273-798-967,"Roberts, Rippin and Collins",nienow.com,"Explosives Expert",lime,2007-04-27,jamir.bogan@hotmail.com,C]?HaRf-ILX
f050ee17-6db7-3de6-9a6d-414427a00cda,Miss,Marianna,Pagac,"37 Schuppe Ridges","Batz Vista",Kabankalan,Nebraska,Moldova,873-471-495,590-208-211,"Smitham, Feeney and Kris",stracke.com,"Special Education Teacher",fuchsia,1972-06-29,kelvin.zboncak@haley.info,"EGX^#\',f}K_hi"
5fe617b9-0369-3425-a620-1adbbb80634c,Prof.,Leland,Kiehn,"73 Huel Throughway","Kutch Brook",Samal,Indiana,"Palestinian Territories",517-232-121,139-209-717,"Watsica Ltd",lebsack.com,"Offset Lithographic Press Operator",navy,1989-10-12,haleigh.auer@barrows.net,",X-'>TP"
e9299c1a-c267-303b-bce5-9d2a560f7c53,Dr.,Angelita,Romaguera,"39A/09 Gerhold Pine","Spinka Lake",Danao,Arkansas,"Heard Island and McDonald Islands",861-858-805,630-755-735,"Hamill Ltd",cummings.org,"Title Examiner",yellow,2006-01-22,edythe35@bernhard.net,"j%=K!u""!aITMEB"
7f18611b-fb42-3bfb-a14d-c80121589ada,Dr.,Alysson,Fadel,"21 Walker Shore","Von Throughway",Cadiz,Oklahoma,Gambia,917-955-883,259-359-477,Mohr-Parker,ullrich.biz,"Agricultural Crop Farm Manager",green,1995-09-02,xmayer@hotmail.com,GJ7?F=?
63e3e654-df9b-3787-bd58-b050466fd486,Mr.,Oliver,Jenkins,"36/16 Durgan Mountains","Hodkiewicz Ranch",Talisay,Connecticut,"Sierra Leone",846-985-979,635-243-884,Halvorson-Walker,hand.com,"Locomotive Engineer",blue,1997-11-29,angela54@yahoo.com,"THC[K%Wp9F,"
661ebaae-89d0-31eb-ac93-6ceba7d762f7,Dr.,Marley,Rutherford,"64 McDermott Crest Suite 362","Ankunding Wells","Davao City",Kansas,China,460-252-628,296-012-149,"Predovic, Pfannerstill and Rippin",hackett.com,"Pharmacy Aide",yellow,1989-07-22,kling.ismael@rice.biz,%4fa[bZ.DEOe%
1a56c3cf-8650-3697-b5aa-e21f7a6cb893,Dr.,Felipa,Buckridge,"81/19 Conn Light Apt. 814","Runolfsson Springs",Biñan,Kentucky,Tunisia,111-965-548,537-113-606,"Streich Ltd",treutel.org,"Utility Meter Reader",white,2018-08-16,blick.raymond@schinner.com,#p=q;n{-a{)=jrLMkv<L
2b8bee5f-1596-351a-86b8-f46aa9f03ac3,Dr.,Ezra,Robel,"85A/39 Larson Brooks","Zboncak Curve",Maasin,Mississippi,"Turks and Caicos Islands",019-764-631,366-359-322,"Spencer Inc",ebert.com,"Market Research Analyst",blue,2006-03-20,gerhold.jovan@wolf.com,"Fd?0Z^;P""V:&v73M=/"
a7633e1d-8a13-3409-8c0b-a9df6b87a966,Mr.,Justus,Cronin,"67A O'Hara Burg Suite 157","Yundt Cove",Tanjay,Pennsylvania,Finland,113-461-651,970-105-523,"Swift Ltd",buckridge.com,"Marriage and Family Therapist",aqua,1979-08-23,ebergstrom@yahoo.com,2~QuC7+-umpK
88ffc7af-517c-3474-9292-69e606e90d03,Miss,Kelly,Gleason,"97A Metz Vista","Brown Square","Quezon City",Missouri,Lithuania,776-999-647,562-420-036,"Ward PLC",collier.org,"Automotive Specialty Technician",navy,1972-05-22,melvin80@gmail.com,"#(;G_>9d:qp`P"""
e85b3a31-e4c7-3ddd-b61e-b4a0418170cf,Prof.,Jennie,Waelchi,"93A Kiehn Lights Suite 226","Runolfsson Falls",Ormoc,Pennsylvania,Korea,760-168-497,827-346-650,"Weimann, Collier and Hansen",anderson.com,"Food Science Technician",black,2024-07-13,quigley.silas@kub.biz,p5kNhW$sVJ<o928xq
118fcd00-c7c9-3842-ade4-519ffa562a47,Prof.,Danny,Bartoletti,"23A/87 McGlynn Islands","Harris Mission",Mandaue,Alaska,Cuba,191-841-487,989-153-228,"Stehr, Crist and Funk",koch.com,"Material Movers",blue,1972-04-11,hickle.modesto@kozey.net,"y_OVy&/@_g.""2v^B=T"
